,itemname,content,region,price,score,keywords
0,"아이패드 프로 4세대 12.9 (128gb, wifi)",올해 1월 말에 샀음.... 진짜 너무 깨끗하고 좋아요...,전북 전주시 덕진구 덕진동1가,950000,100,없음
1,(애케플) 아이패드프로4세대 12.9 wifi 256 팝니다,"실버컬러입니다 wifi버젼 256gb 모델입니다. 
애플케어플러스는 2022.11.4 까지입니다
풀박스 구성입니다. 원래 샀던 그대로입니다. 

화면에 살짝 기스가 있는데 신경 안 쓰시는 분들은 그냥 써고 화면 켜 있을 때는 별로 티 안나서 그냥 쓰셔도 되고요. 
 신경 쓰이시는 분들은 좀 쓰시다가 애케플 적용 받으시면 될 것 같습니다. 

그 외에는 전반적으로 상태 a급입니다.",인천 남동구 만수동,1050000,124,"없음, 최상급, 풀박스, 256"
2,아이패드pro4 12.9인치 128기가 셀룰러 모델 + 애플케어 2022년 5월까지,작년 5월에 구매했고 보름전에 리퍼 한번 받았습니다 실사용감 거의 없고 기스 없습니다 앞에 필름지 부착 되있습니다 박스랑 충전기 다 드립니다 연락주세요,경북 포항시 북구 흥해읍,1050000,105,"없음, 필름"
3,아이패드 프로4세대 12.9인치 셀룰러 판매합니다,2021 1월말에 일렉트로닉마트에서 구매 했습니다 보증기간 2022 1/25까지 남았구요 유트브 시청용으로 사용했습니다 구매 당시 필름 케이스 사용하여 생활기스도 없습니다 구매 당시 패드 상자까지 다 있습니다,서울 송파구 가락본동,1100000,105,"없음, 리퍼기간"
4,아이패드프로 4세대 12.9 셀룰러 128g 미개봉,"아이패드프로 4세대 12.9 셀룰러 제품입니다.
미개봉 새제품입니다.
스페이스 그레이색이구요.
백화점구매 영수증 및 종이백까지 풀박스 입니다.
선물 하셔도 좋아요",부산 해운대구 좌동,1200000,142,"없음, 미개봉, 새제품, 풀박스, 셀룰러"
5,아이패드 프로4세대 12.9인치 셀룰러+와이파이 512g  판매합니다,"아이패드 프로4세대 12.9인치
셀룰러+와이파이 512g 스페이스그레이

셀룰러 정상해지된 자급제 공기기이며
풀박스로 박스 및 충전기,케이블 포함입니다
블루라이트 차단 필름+후면보호필름 (10만원상당)
부착해 보호했고 현재도 부착되어있어요
케이스도 있는거 같이 드리고
기스/찍힘/휨 등등 없이 상태 아주 좋습니다
마장역에서 직거래로 천천히 다 확인해보세요

좋은 구매자분이 가져가시길 기다릴께요!
감사합니다!

아! 애플펜슬2세대도 풀박스인데 
같이 구입하시면 +10만원에 드리겠습니다!",서울 성동구 마장동,1190000,140,"없음, 필름, 셀룰러, 512"
6,아이패드프로4세대12.9,"3달남짓사용 충전기포함 풀박스
상태최상입니다.
128기가 실버
케이스는 연한색이라 때가 좀탔지만 펜슬 끼우는 곳도있어서 좋더라구요
필요하시면 함께 드립니다.
케이스는 방금 사진찍을때 외에 한번도 뺀적없어서 정말깨끗해요

황금동 경북고건너편직거래
2시이후 차례대로연락드릴게요~~",대구 수성구 황금1동,1040000,107,"없음, 최상급"
7,아이패드프로4세대(12.9),"아이패드프로4세대
12.9 wifi 128기가입니다
풀박스에 애플펜슬2세대포함
애플케어플러스 2023.2.7까지
상태 ss급 기스하나없고 필름부착되어있어요
사용할일이 크게없네요
사실분만 신중히 챗부탁드립니다",강원도 춘천시 근화동,1250000,112,"없음, 필름, 최상급"
8,아이패드프로 4세대 12.9 wifi 판매합니다.,"아이패드 프로 4세대 
128gb wifi 실버 판매합니다.

사용상 불편함으로 
갤탭으로 넘어가기 위해 판매하며
실기스도 없고 그냥 새거라고 보시면 됩니다.

아이패드 구매당시 여분으로 사놨던 

모서리 범퍼형 젤리케이스 2개(펜슬 충전가능 / 최저가 1만원 중반 )
고릴라퓨어글라스 2장 (0.21mm / 최저가 2만원중반)

같이 포함해서 드려요.

구매일 21. 5. 5.
(보증도 22. 5. 5 입니다)",인천 중구 운서동,870000,110,"없음, 새제품"
9,아이패드 프로 4세대 12.9인치 256gb wifi 스그,"아이패드 프로 4세대 12.9인치 256기가 와이파이 모델입니다.
모델명 a2229 색상은 스페이스그레이입니다.
보호케이스 씌워서 사용했고 액정에는 강화유리 부착되어 있어
신품과 동일한 s급 컨디션입니다.
무상리퍼는 21년 10월 12일까지 유효합니다.
박스는 없고, 본품과 충전기 함께 드립니다.
감사합니다.",서울 성북구 석관동,950000,122,"없음, 필름, 최상급, 256"
10,아이패드프로 4세대 12.9 wifi,"완전 새제품급입니다..

색상은 스페이스그레이..",경기도 김포시 마산동,900000,110,"없음, 새제품"
11,아이패드 프로 4세대 12.9 스그 128g wifi+애캐플,"아이패드 프로 4세대 12.9 스그 128g wifi+애캐플 팝니다
(애플펜슬 판매완료)
박스풀셋입니다 
스크래치 없는줄 알았는데 한개 있네요
마지막 사진 참고 해주세요
애캐플 먹여놔서 22년7월26일까지 언제든 
리퍼 받으실수 있습니다
많이 찔러봐주세요^^",인천 연수구 송도1동,1100000,105,"없음, 리퍼기간"
12,새재품 아이패드 프로4 와이파이512,"사진참고하시고 비닐포장 그대로입니다 내고문자는 답안합니다 구매하실분만 문자주세요중고라서 물건에 큰 하자 없으면 교환, 환불은 어려운 점 이해 부탁드려요~",경기도 화성시 안녕동,1300000,100,없음
13,아이패드 프로 4세대 12.9인치 256기가 wifi + 셀룰러 애플케어플러스 등록 (21.2.16구입) 사용감x,"아이패드 프로 4세대 12.9인치 256기가 wifi + 셀룰러 애플케어플러스 등록 (2.16구입) 사용감x
사진은 필요하시면 원하시는대로 보내드립니다

가격 적정선에서 흥정 가능합니다

케이스 있어요
종이필름(고가) 붙여 놓았어요(사각사각)

사용을 거의 안해서 사용감이 거의 없습니다
풀케이스 입니다 
내용물 패드외 미개봉 입니다",광주 북구 일곡동,1450000,150,"없음, 필름, 미개봉, 애플케이플러스, 셀룰러, 256"
14,(이번주처분) 아이패드 프로4세대 셀룰러 12.9인치 128g,"아이패드 프로4세대 12.9인치 셀룰러모델입니다
128g 입니다

-실내에서만 썻고 사자마자 옆면 뒷면 그리고 카메라 필름 부착해서 뒷면 옆면 카메라는 기스,찍힘 전혀 없습니다. 지금도 붙여져 잇어요.

-화면에 진짜 얇은 기스 쪼금 있습니다. 평소에는 잘 보이지 않고 조명 비추면 살짝 보입니다. 
필름 붙이시고 사용하실분들은 필름붙이면 전혀 안보이고
막쓰실분들은 더 추천드립니다.


-박스잇습니다

-패치웍스 뒷판 케이스 거의새거 같이 드려요

번개페이 가능합니다

직거래
강남역
아차산역
가디역
주말 석촌역",서울 광진구 능동,968000,123,"없음, 필름, 새제품, 셀룰러, 기스"
15,[미개봉] apple 아이패드 프로 4세대 12.9형 wifi 256g 스그 팝니다,"[미개봉] 아이패드 프로 12.9 4세대 wi-fi 256gb 팝니다

​

미개봉 제품이구요 선물 받았는데 사용할 일이없어서 팝니다

​
대화 주세요",서울 마포구 상암동,1100000,120,"없음, 미개봉, 256"
16,(이번주처분)셀룰러 아이패드 프로4세대 12.9 스페이스그레이 128g,"아이패드 프로4세대 12.9인치 셀룰러모델입니다
128g 입니다

-실내에서만 썻고 사자마자 옆면 뒷면 그리고 카메라 필름 부착해서 뒷면 옆면 카메라는 기스,찍힘 전혀 없습니다. 지금도 붙여져 잇어요.

-화면에 진짜 얇은 기스 쪼금 있습니다. 평소에는 잘 보이지 않고 조명 비추면 살짝 보입니다. 
필름 붙이시고 사용하실분들은 필름붙이면 전혀 안보이고
막쓰실분들은 더 추천드립니다.
 

-박스잇습니다

-패치웍스 뒷판 케이스 거의새거 같이 드려요

번개페이 가능합니다

직거래
강남역
아차산역
가디역
주말 석촌역",서울 강남구 역삼1동,968000,123,"없음, 필름, 새제품, 셀룰러, 기스"
17,아이패드 프로 4세대 12.9인치 풀구성품,"2020년 05월 21일 이마트 애플샵 구매

집구석 방치형 아이패드 128g

주사용 넷플릭스 , 국제화상통화

보증기한 2021 05.21 까지 

하자내용 제품 클리닝을 위해 케이스 탈착중에 생활기스 
사진첨부 

구성품 박스 , 충전기 아이패드 , 보호필름 부착됨 
케이스도 원하면 드립니다 케이스는 사시는걸 추천드립니다",경기도 광주시 초월읍,930000,105,"없음, 필름"
18,(이번주까지) 셀룰러 아이패드 프로4세대 12.9인치 128g,"아이패드 프로4세대 12.9인치 셀룰러모델입니다
128g 입니다

-실내에서만 썻고 사자마자 옆면 뒷면 그리고 카메라 필름 부착해서 뒷면 옆면 카메라는 기스,찍힘 전혀 없습니다. 지금도 붙여져 잇어요.

 -화면에 진짜 얇은 기스 하나랑 기스보다도 안보이는 자국 쪼금 있습니다. 평소에는 잘 보이지 않고 조명 비추면 살짝 보입니다. 
필름 붙이시고 사용하실분들은 필름붙이면 전혀 안보이고
막쓰실분들은 더 추천드립니다.


-박스잇습니다

-패치웍스 뒷판 케이스 거의새거 같이 드려요

번개페이 가능합니다

직거래
강남역
아차산역
가디역
주말 석촌역",서울 송파구 석촌동,968000,130,"없음, 필름, 새제품, 셀룰러"
19,아이패드프로 4세대 12.9 실버 128g  wifi모델  미개봉 팝니다,미개봉상품입니다,서울 강북구 수유3동,1100000,110,"없음, 미개봉"
20,아이패드프로 4세대 12.9 128기가 셀룰러 스페이스그레이,"﻿
작년 7월 중순해 구입한 제품입니다 자급제 모델이구요.
보증 기간은 올 7월까지고 상태 확인후 예쁘게 다시 포장해서 넣었어요.
구성은 아이패드프로+충전기(미사용) 풀박스 구성에
유리 필름 붙어 있습니다. 단출해요^^;

인천 ( 주안 도화동 연수동 ) 에서 직거래 했으면 합니다.
궁금한점은 문자 주세요^^
﻿",인천 미추홀구 도화동,990000,110,"없음, 필름, 미사용"
21,아이패드 프로 4세대 12.9 + 애플케어플러스 s급,"아이패드 프로4 128gb 와이파이 팝니다
애플케어 가입돼있고 2022년 6월 24일까지 가능하십니다. 케이스와 필름 부착하여 사용해서 상태 아주 좋아요
필름은 종이질감 필름 부착된 상태이고 여분 필름 하나 남아있습니다! 상세사진은 연락주세요",서울 강동구 천호제2동,1080000,115,"없음, 필름, 애플케이플러스"
22,미개봉 아이패드 프로 4세대 12.9 셀룰러 실버 팝니다.(애캐플가능),"쓰기엔 과분한 스팩이라 팔기로 하였습니가.
겉비닐조차 뜯지않은 미개봉품입니다. 
애캐플 가능합니다.",울산 중구 반구2동,1200000,120,"없음, 미개봉, 애플케이플러스"
23,아이패드 프로 4세대 128g wifi 애플케어플러스 풀박,"아이패드 프로 4세대(11인치 2세대)128g wifi 
애플케어플러스 풀박 
- 애플케어플러스 보증 만료일 : ~ 22.10.19
- 종이질감필름 부착 상태
- 와관상태 최상(스크래치 없음)
- 2만원대 esr 백커버 케이스 + 3만원대 멀티앵글 케이스 포함
@ 애케플 기간이 내년 10월까지라 편하게 사용하다가 리퍼받으시면 될 거 같아요
 - 직거래 장소 : 연세대 정문 또는 신촌역(협의 가능)",서울 서대문구 신촌동,850000,112,"없음, 필름, 최상급"
24,아이패드 프로 4세대 12.9 팔아요,"뜯는 손잡이 부분이 조금 뜯기긴 했지만 그거 제외하면 미개봉입니다. 하자 없음.
쿨거시 할인해드려요. 찔러봐주세요",경남 양산시 물금읍,1150000,110,"없음, 미개봉"
25,아이패드 프로 4세대 128g wifi 스그 (애케플o),"아이패드 프로 4세대 11인치 스그 128g wifi모델 팝니다.

풀박스 상태 아이패드 단품만 판매합니다.
구성품은 아이패드, 충전기, 박스, 애플케어플러스 입니다.

맥북 사용으로 인해 패드를 많이 사용하지 않아 판매합니다. 

애플케어플러스 가입되어 있어 올해 8월까지 리퍼 2회 가능하며, 22년 8월까지 리퍼 2회 포함 총 리퍼새제품으로 교환 가능 횟수 4회 남아 있습니다.

가격을 낮춰서 다시 올립니다. 네고는 어렵습니다.

편하게 연락주시면 답장드리겠습니다!",경기도 부천시 소사본동,850000,125,"없음, 리퍼기간, 새제품, 애플케이플러스"
26,아이패드 프로 4세대 12.9인치 128기가,"아이패드 프로 4세대 12.9인치 128기가
와이파이모델 풀박스
3월 17일 처음 사용한 제품 판매합니다 .
(2개월도 사용 안함)
115만원입니다 

풀박스  영상시청 외에 펜슬사용한적도 없습니다.
기스 없고 강화유리 붙어있습니다
케이스 끼고 사용하였고
반품불가 입니다",경기도 수원시 장안구 영화동,1150000,103,"없음, 필름, 미사용, 기스"
27,아이패드 프로4세대 12.9 wifi 판매합니다,"아이패드 프로 4세대 12.9 wifi 128gb 판매해요

사진과 같이 매우 깨끗한 제품입니다

맥북을 주로 사용하기 때문에 아이패드는 영상 시청용으로 사용했습니다.

보증은 만료되었습니다

구성품은 사진에 나와있는 것처럼

정품 폴리오 키보드, 애플펜슬 2세대 , 젤리 케이스

파우치 입니다

젤리케이스도 꽤 비싸게 샀습니다

액정에 종이필름 붙였고 뒷면을 제외한 양쪽 옆면에도 보호필름 붙였습니다

궁금한 점은 당근 주세요",경기도 안성시 공도읍,1280000,100,없음
28,아이패드 프로 4세대 12.9 128 와이파이 (+애케플),"아이패드 프로 4세대 12.9 128gb 와이파이 팝니다 !
작년 12월 말에 구매해서 가끔 영상 보는 정도로만
사용했기 때문에 외관상 흠집 없습니다 !
애케플 가입되어있고, 🍎
기간은 23년 1월 31일까지 입니다🙂

+ 교환 / 환불 x
+ 고가 제품이라 직거래 하시는게 좋을 것 같아요!",대전 중구 문화1동,1070000,100,없음
29,아이패드 프로 4세대 12.9 삽니다,"아이패드 프로 4세대 12.9 삽니다

85~90만원에 삽니다

직거래는 1호선 성대역이거나 중간지점이면 좋겠습니다

제 번호는 010-3313-5943 입니다.",경기도 수원시 장안구 정자3동,870000,100,없음
30,아이패드 프로4세대 12.9인치 128gb 셀룰러 애플케어플러스,"작년 11월 25일에 구입한 아이패드 프로4세대 12.9인치 셀룰러 모델입니다. 

2023년 1월 24일까지 보증 적용됩니다.
1개의 악세사리에도 애플케어플러스 적용 가능하대서 
 매직키보드에도 적용해놨습니다. (매직키보드가 고장나도 아이패드의 애플케어플러스가 적용됩니다)

현재 3만원짜리 힐링쉴드 필름 부착되어 있구요 

기스나 찍힘같은건 보이지 않습니다. 

45만원짜리 매직키보드도 함께 드립니다. 

일괄판매만 합니다",경기도 화성시 능동,1490000,135,"없음, 필름, 리퍼기간, 애플케이플러스, 셀룰러"
31,아이패드 프로 4세대 12.9형 미개봉 새상품 스페이스그레이,"아이패드 프로 12.9 4세대 128g
미개봉 새상품 스페이스 그레이 wifi + 종이질감필름 판매합니다. 
필름은 윌리스에서 구매해서 부착 서비스 가능합니다.",서울 강남구 역삼동,1100000,150,"없음, 필름, 필름, 미개봉, 미개봉, 새제품, 새제품"
32,아이패드 프로 4세대 12.9 128g 와이파이 모델 판매합니다,"아이패드 프로 4세대 12.9 128g 스그 와이파이 모델 판매합니다.

평소 케이스와 필름을 계속 착용하고 사용해서 제품 본체에는 별다른 기스나 외관상 문제는 없습니다.

박스와 충전기는 가지고 있지만 현재 케이블만 없는 상태입니다.

위에 찍은 케이스를 포함해서 판매하며 98만원에 판매합니다.

직거래는 대전 중구 선화동에서 진행하며 택배거래시엔 택배비 부담하셔야 합니다.",대전 중구 선화동,980000,100,없음
33,아이패드프로 4세대 12.9인치 와이파이 256기가,"2020년 8월 구매했고 집에서만 몇번 사용했습니다.

아이패드 4세대 12.9인치
와이파이모델 256 기가
스페이스 그레이 색상
외관 깨끗, 흡짐없음
카메라보호필름 부착🥇
커버 하나 있는데 필요하시면 드릴게요.
 
광주 역동이며 성남(판교역)에서도 거래 가능합니다.
감사합니다.",경기도 성남시 분당구 백현동,1050000,115,"없음, 필름, 256"
34,미개봉 아이패드 프로 4세대 12.9 wifi 128g 실버 my2j2kh/a,"미개봉 
아이패드 프로 4 12.9 wifi 128 gb 실버색상",인천 부평구 청천동,1100000,110,"없음, 미개봉"
35,아이패드 프로 4세대 12.9 256 wifi 애케플,"아이패드 프로 4세대 12.9인치 판매해요

상태 깨끗해요

본체만 판매해요(wifi 256)

애케플 있고 사용한적 없어요(2022년 5월까지)

쿨매시 네고 가능하고 종이질감 필름과 일반 충전기 드려요",충북 청주시 흥덕구 오송읍,1090000,110,"없음, 256, 미사용, 에플케어x"
36,"아이패드 프로 4세대(미개봉,새제품)12.9인치 와이파이 512기가","영수증 있어요
5월 30일 구입한 정품이에요
비닐도 안뜯은 새제품 입니다 
실버 색상입니다",서울 강서구 화곡동,1150000,110,"없음, 새제품"
37,아이패드프로 4세대 12.9인치 lte 128g 모델 판매합니다,"올해 4월에 업무용으로 구매했다가

활용도가 떨어져서 판매합니다. 

몇 번 안써서 새 제품처럼 깨끗합니다.

낮시간동안 회사가 울산이라 울산쪽에서 거래

가능해요.",울산 남구 상개동,1000000,110,"없음, 새제품"
38,아이패드 프로4세대 12.9인치 lte 128g 판매합니다,"21년 4월달에 업무용으로 구매했는데 

활용도가 떨어져 판매합니다.

몇 번 사용 안해서 새제품처럼 깨끗합니다.

덕계 두산위브입니다.",경남 양산시 덕계동,1000000,115,"없음, 새제품, 미사용"
39,아이패드 프로4세대 12.9 256gb wifi 스페이스그레이,"아이패드 프로4세대
12.9인치 256기가 wifi 스페이스 그레이 모델입니다.

20년 7월 31일에 구입해서 
보증기간 2달 정도 남았구요~

전면 뷰씨 강화유리필름 부착했고
후면에도 필름 부착되어
잔기스없이 상태 너무 좋습니다.

배터리 97%입니다.

풀박스이구요, 하드케이스 같이 드립니다.",경기도 의정부시 의정부동,1170000,120,"없음, 필름, 리퍼기간, 256"
40,아이패드 프로 4세대 12.9 128g wifi 애케플 팝니다,"색상은 실버이며 배터리 사이클 77회 효율은 100퍼입니다.
작년 6월 중 구매했고 애케플은 내년 8월까지 보증됩니다. 애케플은 한 번도 안 써봤어요!
쫄보라 구매하자마자 저반사 필름이랑 케이스 껴서 사용해서 찍힘 스크래치 없고 상태 좋아요
충전기는 사용했던거라 사용감 있으며, 풀박입니다. 
(좀 쪼글쪼글하긴 한데 원하시면 종이봉투 같이 드려요)

평일은 7시 이후 거래 가능합니다",서울 관악구 행운동,1030000,107,"없음, 리퍼기간, 풀박스, 생활흔적"
41,아이패드 프로 4세대 12.9 128g wifi 애케플 팝니다,"색상은 실버이며 배터리 사이클 77회 효율은 100퍼입니다.
작년 6월 중 구매했고 애케플은 내년 8월까지 보증됩니다. 애케플은 한 번도 안 써봤어요!
쫄보라 구매하자마자 저반사 필름이랑 케이스 껴서 사용해서 찍힘 스크래치 없고 상태 좋아요
충전기는 사용했던거라 사용감 있으며, 풀박입니다. 

평일 선정릉역 부근 직거래 가능합니다!",서울 강남구 삼성2동,1030000,107,"없음, 리퍼기간, 풀박스, 생활흔적"
42,아이패드프로4세대 실버 12.9 512 셀룰러 미개봉신품 아이패드프로4 512기가 512gb,"비닐뜯지않은 미개봉입니다.
네고교환사절,차단",부산 수영구 민락동,1280000,110,"없음, 미개봉"
43,아이패드 프로 4세대 12.9인치 128g 스페이스 그레이 팝니다.,"셀룰러 버전이구요. 산 지가 3개월 좀 안돼서
애플케어플러스(보험) 기간도 아직 1년 9개월 남았습니다.
(기한: ~ 2023년 03월 19일)

산 지 얼마 안됐고 많이 쓰지 않아서 찍힘 같은 거 없습니다.

풀박스로 드립니다. 커버케이스도 하나 드릴게요.


운서동 (또는 절충) 직거래 합니다.

연락 주세요-^^",인천 중구 운서동,950000,127,"없음, 리퍼기간, 풀박스, 셀룰러"
44,아이패드 프로 4세대 12.9형 256g (wifi+cellular) 실버 색상,"개봉 후 사용횟수 5번 미만, a급 제품입니다.
창동역, 녹천역 직거래 가능합니다.",서울 도봉구 창동,1200000,107,"없음, 최상급"
45,아이패드프로4세대12.9인치미개봉,"미개봉
스페이스그레이
12.9인치 128gb wifi
범박동 역곡역 부천역 소사역 옥길동 /협의

카메라보호필름 하나남았는데 같이 드릴게요!",경기도 부천시 범박동,1080000,110,"없음, 미개봉"
46,아이패드 프로4세대 128g 12.9인치 상태ss,"아이패드 프로4세대 12.9인치 128g wifi
스페이스그레이 색상 판매합니다:)
(펜슬미포함)

퇴근하고 영화볼때만 써서 상태는 그냥 새거에요!
비싼 돈주고 샀는데 활용을 너무 안해서 잘 사용해주실분께 넘겨요!

강화유리필름 낀상태로 사용해서 상태 최상입니다
연락주세요~!
 많이 연락주세요~~",광주 북구 신용동,1000000,117,"없음, 최상급, 새제품"
47,아이패드 프로 4세대 12.9 256기가 셀룰러,"아이패드 프로 4세대 12.9인치 256기가 셀룰러 실버 제품 판매합니다.
제품은 20년 10월 19일에 구매했습니다.
구매하자마자 3만원 가량의 벨킨 강화유리 부착해서 사용중이고 보호 케이스까지 사용해서 
거의 새 제품이라고 보셔도 됩니다. 케이스는 피카타 케이스 사용중인데 
케이스 모서리가 약간 망가져 사용하기 힘들다고 판단해 케이스는 제외입니다.
제품 구성은 제품이랑 usb-c케이블 18w 충전기해서 풀박입니다.

직거래 선호하며 4호선 수유역입니다. 
택배거래는 가능하지만 가능하면 직거래로 하고 싶습니다.
택배 거래시 교환불가 / 파손면책 동의 후 구매하시면 원하시는 택배사로 보내드리며 
택배비는 구매자분이 부담하셔야 합니다. 위에 조건 보시다시피 가능하면 직거래 원합니다
현재 데이터 함께쓰기 사용 중이라서 구매 시 정상해지 후 거래하겠습니다.

-----------------
거래는 31일 저녁 혹은 6월 1일은 돼야 거래가 가능할 것 같습니다. 이점 고려하시고 연락주세요.
무작정 가격 후려치는 문자는 삼가해주시면 감사하겠습니다.
궁금한 점 있으시면 편하게 문자 주시고 정성껏 답해드리겠습니다.",서울 강북구 번1동,1030000,147,"없음, 필름, 새제품, 풀박스, 셀룰러, 256"
48,아이패드프로 4세대 12.9인치 256gb wifi 앱케어가입 팝니다.,"올해 1월 말에 구매하였으며 애플케어 가입되어 있습니다. 2023년 1월 28일까지입니다. 구매 후 사용을 거의 하지 않았으며 잔기스나 사용감 전혀 없는 완전 새 제품입니다.
가격은 고정이며 안전 거래를 위해 직거래만 합니다.
연락 주세요!",서울 강서구 내발산동,1150000,140,"없음, 새제품, 새제품, 애플케이플러스, 애플케이플러스"
49,아이패드 프로 4세대 wifi 128gb,"안녕하세요 당근마켓 회원 여러분 반갑습니다.
이번에 소개 드릴 상품은 아이패드 프로 4세대
제품입니다. 2020년12월 제조이고 올 3월에
구매 하였습니다. 인강용으로 구매 하였으나 1~2번
정도 보고 그냥 보관만 해놓은 상태라 거의 새거나 다름 없습니다. 스크래치 전혀 없습니다. 방탄 필름 붙어
있고 구성품은 케이스, 케이블, 아답터,egr 젤리 케이스 이렇게 구성입니다. 구매 가격은 ₩160만원으로 큰맘 먹고 질렀는데 사용을 안해서 내놓습니다. 기업도시, 단계동에서 거래 가능합니다. 제품 보시고 거래 하셔도 됩니다. 초기화 해놓고 있습니다. 감사합니다.",강원도 원주시 지정면,900000,115,"없음, 필름, 새제품"
50,삽니다> 아이패드 프로4세대 12.9 128gb wifi 모델 사요,"민트급으로 구해요 ㅜㅠ
본체만 있으면 되는데
혹시 팬슬도 있으시면 감안해서 제안해주세요",서울 관악구 봉천동,880000,100,없음
51,아이패드프로 4세대 12.9인치 256gb wifi 앱케어가입 팝니다.,"올해 1월 말에 구매하였으며 애플케어 가입되어 있습니다. 2023년 1월 28일까지입니다. 구매 후 사용을 거의 하지 않았으며 잔기스나 사용감 전혀 없는 완전 새 제품입니다.
가격은 고정이며 안전 거래를 위해 직거래만 합니다.
연락 주세요!",서울 마포구 상수동,1150000,140,"없음, 새제품, 새제품, 애플케이플러스, 애플케이플러스"
52,아이패드 프로 4세대 12.9인치 128gb wifi,"아이패드 프로 4세대 wi-fi 128gb 스페이스그레이 12.9인치 입니다. 종이질감 필름 붙혀져있습니다.
(‼️폴리오키보드는 팔렸습니다)
2020년 8월에 구매 했구요.
사용이 별로 없어서 팝니다.",경기도 수원시 영통구 망포2동,940000,100,없음
53,"[풀박스/s급]아이패드 프로 4세대 12.9 512기가, 스페이스그레이, 와이파이+셀룰러, 애플케어 등등","[ 풀박스 / s급 ] 아이패드 프로 4세대 12.9 512기가, 스페이스그레이, 와이파이+셀룰러, 애플케어, 애플펜슬 2세대, 스마트폴리오 정품 모두 드립니다 ! ! 


구매는 4월 중순으로 한달 지났구요.
애플케어 ~2023년 4월까지 가능합니다.

선물받았는데 맥북이 있어서 사용 할일이 없어
구경만 집에서 하고 사용 안했다고 보시면 됩니다.
기스 전혀 없습니다.

모두 정품으로 시세보다 저렴하게 있는거 다 드립니다. 필름도 부착했습니다
근처역까지 직거래만 가능하니 연락주세요 !",경기도 성남시 중원구 상대원동,1750000,162,"없음, 필름, 최상급, 애플케이플러스, 셀룰러, 512, 미사용"
54,아이패드 프로 4세대 12.9 512gb wifi+셀룰러 미개봉 새제품 팔아요,"갑작스럽게 선물 받았는데 지금 당장 필요하지는 않아서 팔아요.
와이파이뿐만 아니라 데이터도 사용 가능한 제품이에요. 
통신사로 개통해서 산게 아니라서 따로 요금제 할 필요 없이 핸드폰 데이터 나눠쓰기도 가능합니다.
용량도 넉넉하고 화면도 12.9인치 라서 시원시원할거에요.
포장은 뜯지도 않은 아예 새제품 입니다!
색상은 실버에요
애플케어도 가능합니다

직거래는 월곡역이나 미아사거리역 가능합니다.",서울 성북구 하월곡동,1390000,120,"없음, 새제품, 애플케이플러스"
55,아이패드 프로4세대 12.9 wifi 256gb 스그 +펜스2세대 + 애케,"2020. 10.20일 아이패드 4세대 + 팬슬2세대 구매 애플케어 보증기간 2022.10.19 사용이력없습니다 아이패드 배터리성능 100%입니다. 사진필요하시면 채팅주세요. 종이질감 보호필름 부착되어있고 여분1장더 있습니다. 패드, 펜슬 보시는바와같이 풀박입니다. 기스나 성능에 이상없습니다. 상태는 좋으니 오셔서 직접 확인하셔도 됩니다.",경남 창원시 의창구 명서동,1400000,112,"없음, 필름, 풀박스"
56,아이패드프로4세대 wifi 12.9 256g 스그 팝니다,"구매일자 올해 2월19일에 구매했습니다 퇴근하고 한두시간정도 밖에 구동을 안해서 거의 새것과 다름없습니다
집에서만 사용해서 기스하나 없구요 전후측면 필름 전부 부착해있고 카메라필름도 부착되어있습니다 사진에 보이시는데로 충전기는 사용하지않고 그대로 있습니다 사용중인 케이스도 같이 드려요 편하게 연락주세요",전북 군산시 지곡동,1200000,115,"없음, 필름, 새제품"
57,아이패드프로 4세대 12.9인치 256gb wifi (애플케어가입되있는)팝니다.,"올해 1월 말에 구매하였으며 애플케어 가입되어 있습니다. 2023년 1월 28일까지입니다. 구매 후 사용을 거의 하지 않았으며 잔기스나 사용감 전혀 없는 완전 새 제품입니다.
충분히 사용하다가 1/28일전에 원하실때 바꾸시면 됩니다.(애플케어 가입완료)
가격은 고정이며 안전 거래를 위해 직거래만 합니다.
연락 주세요!",서울 서초구 반포1동,1150000,120,"없음, 새제품, 애플케이플러스"
58,아이패드 프로 4새대 12.9 256(애케플) 판매합니다,"아이패드  프로 4세대 256 와파 모델 판매합니다!
(12.9모델)
박풀에 케이스 하나 덤으로 드립니다!

사자마자 종이 보호필름 부착, 테두리에 보호필름 부착 해서 깨긋합니다!

애케플 있도 22년 9월까지입니다!

가격은 120만원입니다!

이유 있는 네고 가능 하며, 터무니없는 네고는

답장 하지않겠습니다!",경남 창원시 성산구 상남동,1180000,130,"없음, 필름, 필름, 256, 256"
59,아이패드 프로4 12.9 128g wifi,"아이패드 프로4세대 실버 12.9 기본모델입니다

데스크톱이 갑자기 고장나서 판매합니다

5/10에 처음받았어요 
애케플 가입 7/9까지 가능합니다
외관 기스 없어요

배터리효율 100퍼

본체 풀박스에 기본 투명케이스(esr) 구성입니다
(펜슬은 판매되었습니다)

*** 트랙패드 포함된 키보드 케이스 포함

노트북모드 , 스탠드모드, 필기모드 가능해요
블루투스 5.1 지원

공부하시는분들에게 추천드려요
12.9가 화면이 커서 11인치로 공부하는것 보다 확실히 시원시원해요

개인적으로 악필이라 
폰트적용시켜서 타이핑으로 필기하는편인데
인강들으면서 화면분할로 워드작업할때 좋았어요

궁금한점 챗주세요 ^^",경북 경산시 옥곡동,900000,110,"없음, 애플케이플러스"
60,아이패드 프로 4세대 12.9 wifi 256gb 애케플가입중 팝니다,"애플케어 가입 되어있습니다. 

(가입비 15만원)

만료 2023 1월 28일까지 입니다.

아예 새제품입니다. 

사정상 팔아요 직거래 연락주세요!",서울 구로구 구로제5동,1150000,120,"없음, 새제품, 애플케이플러스"
61,(가격내림) 아이패드 프로 4세대 12.9 실버 셀룰러 256g 애케플,"* 빠른 판매를 위해 가격 내립니다

✅
아이패드프로 4세대 12.9인치 실버 256g 셀룰러(lte)

✅
- 박스(필요 시)
- 정품 충전기
- 전, 후, 측면, 카메라 보호필름 부착
- 2020년 6월 10일 가로수길 매장 구매
- esr폴리오케이스 그레이 (생활사용감 있음)
- 애플케어플러스 가입 22년8월4일까지 (2회 남음)

✅
왼쪽 하단 측면에 작은 찍힘이 있습니다. 실제로 봤을 때 정말 경미합니다. 
화면에 찍힘이 있는데 화면강화유리필름에 찍힘이 간 것이고 아이패드 화면에는 이상없습니다. 
애케플 가입 되어 있으니 편하게 쓰시다가 교환하심 되겠습니다. 

✅
실내에서 영상 시청, 타이핑, 필기용으로 사용했고 
맥북이 있어 실사용 적습니다. 
셀룰러 lte 모델이지만 핸드폰 핫스팟 켜고 사용해서 유심을 꽂은 적이 없습니다. 

✅
고가의 기기인 만큼 직접 보여드리고 거래하는 게 좋을 것 같아 직거래만 하겠습니다. 물론 교환환불 불가입니다. 추가로 궁금하신 점 있으면 얼마든지 문의주세요. 알려드릴 수 있는 건 전부 알려드리고 거래합니다. 

*거래하기 전 알콜솜으로 전부 청소한 후 가져갑니다",서울 중구 다산동,1250000,118,"없음, 필름, 셀룰러, 256, 기스, 생활흔적"
62,아이패드 프로 4세대 12.9인치 삽니다,가격 제안 부탁드립니당,강원도 원주시 단구동,900000,100,없음
63,아이패드 프로4 12.9 128g 셀룰러 + 스마트폴리오,"사용한지 일년 좀 안됬구 군대에서 사용하다 책상에 찍어서 살짝 흠이 있긴한데 티날 정도는 아닙니다. 

쿨거시 가격제안 받고 찔러주기 가능합니다

풀박, 강화유리필름 붙어있습니다.",충남 계룡시 신도안면,1100000,105,"없음, 필름"
64,아이패드 프로 4세대 12.9인치 256g wifi,"아이패드 프로 4세대 12.9인치 256g 실버 상품입니다..

제조일자는 20년 12월이고 금년 5월초에 구매했습니다..

내부구성품만 확인하고 한번 전원 켜보고 사용은 하지 않은 제품입니다..

필요하신분은 연락주세요.

근처면 가져다드릴수도 있습니다 ^^",경기도 화성시 동탄5동,1100000,110,"없음, 256"
65,아이패드 프로4세대12.9 128 셀룰러,"상태a+ 
박스o
천안 직거래",충남 천안시 동남구 신방동,850000,100,없음
66,아이패드 프로4 12.9 실버 +애케플,"128gb · wifi · 실버 모델, 
애케플은 가입 후 1번도 사용 안했습니다.

가로수길 직접 가서 양품 뽑았습니다.

구성품은 박스까지 모두 있습니다.
상태는 집에서만 악보 보는 용도로 사용하여 깨끗하며 하자 없습니다.  

※지역상품권 지류 107만으로 거래가능
※ 6월 2일 이후로 판매합니다. 네고불가",강원도 춘천시 퇴계동,1050000,105,"없음, 미사용"
67,아이패드 프로4세대 12.9 wifi 128gb 스그+펜+애캐플22년 6월10일,"아이패드 프로4세대 12.9인치 128기가 팝니다.
색상은 스페이스 그레이입니다.
애플케어 2022년 6월 10일까지입니다.
기스 없구요, 상태 좋습니다.
책상에서만 써서 상태는 산 그대로네요.
애플펜슬 2세대 포함이구요, 
들고다니실 가방도같이 드립니다. 
박스 풀박스로 그대로 다 드립니다. 
패드 펜슬 다 풀박스 입니다.
 충전기는 쓰지도 않았네요.
소태동 직거래 원하구요.
이동불편하시면 제가 갑니다.",광주 동구 소태동,1130000,107,"없음, 풀박스"
68,(미개봉)아이패드 프로4세대 12.9인치 셀룰러+wifi 128기가 실버,"상품그대로 완전 미개봉 풀박스입니다.
상세 스팩은 네이버 검색하시면나오고
무조건 연산동 직거래로만합니다.
연락주세용",부산 연제구 연산동,1100000,117,"없음, 미개봉, 풀박스"
69,아이패드 프로 4세대 12.9 128gb 스그 색상 + 애케플,"아이패드 프로 4세대 12.9 128gb 팝니다 !
스페이스 그레이 색상이고,
작년 12월 말에 구매해서 가끔 영상 보는 정도로만
사용했기 때문에 외관상 흠집이나 하자 없습니다 !
애케플 가입되어있고 🍎
기간은 23년 1월 31일까지 입니다🙂

🍀 교환 / 환불 x",경기도 안성시 석정동,1080000,100,없음
70,아이패드프로4세대12.9 셀룰러256기가 실버,"상태 s급 풀박이며 정상해지된 기계입니다.구입한지 3개월된 제품입니다.광주지역 직거래가능하며 택배거래 가능합니다.궁금한점은 전화나 문자주세요^^
h.p 010.3647.9256",광주 서구 치평동,1250000,117,"없음, 최상급, 256"
71,[애플] 아이패드 프로 4세대 12.9인치 256g wifi 스페이스 그레이 내놓습니다,"20년 12월 19일쯤 구입해서 며칠 쓰다가 사용빈도 적어서 내놓습니다

사용거의 하지 않아 사진처럼 깨끗하고 어디 하나 흠잡을 곳 없습니다 사진은 전면 강화필름 붙였지만 지금은 판매,보관을 위해 떼어 놓은 상태이고 구매하시면 새거 한장 같이 드립니다
 또 보시는 케이스와 범퍼케이스도 함께드려요~

*평일 일할때 채팅 어려워요
(오전이나 오후7시 이후 답변 남겨드려요)",경기도 화성시 동탄7동,1150000,110,"없음, 새제품"
72,아이패드 프로 4세대 12.9 wifi 1tb 팝니다,"아이패드 프로 4세대 12.9 1tb 팝니다 (스페이스 그레이색상 / wi-fi)

20년8월 구입했습니다. 
풀박스이고 필요하시면 슈피겐 케이스 함께 드려요
보시면 아시겠지만 앞, 뒤, 측면, 카메라까지 보호 필름 붙여 있습니다. 잔기스 하나 없습니다.
집에서만 사용했고 퇴근 후 아이패드 사용하지 않아 사용감 적습니다.

직거래는 원하시면 제가 가져다 드려용",경기도 화성시 청계동,1500000,135,"없음, 필름, 1tb"
73,아이패드 프로 4세대 12.9 1tb 팝니다 (스페이스 그레이색상 / wi-fi),"아이패드 프로 4세대 12.9 1tb 팝니다 (스페이스 그레이색상 / wi-fi)

20년8월 구입했습니다. 
풀박스이고 필요하시면 슈피겐 케이스 함께 드려요
보시면 아시겠지만 앞, 뒤, 측면, 카메라까지 보호 필름 붙여 있습니다. 잔기스 하나 없습니다.
집에서만 사용했고 퇴근 후 아이패드 사용하지 않아 사용감 적습니다.

직거래는 가산디지털단지역 독산역 금청구청역 입니다.
금천구 근처시면 집 앞까지 가져다 드릴게요^^",서울 금천구 시흥동,1500000,135,"없음, 필름, 1tb"
74,아이패드프로 4세대 12.9인치 wifi 128 애케플,"작년 5월에 공홈에서 구매 후
도착하자마자 오프라인 힐링쉴드 판매점에서 제일 비싼걸로 붙였어요.(종이 재질, 지문 방지)
전체 소독했고 항상 케이스 껴와서 기스가 없습니다!
지금 거의 새거인데 애케플 22년 5월까지라 일년 더 쓰다 오만원 주고 리퍼받을 수 있어요.
잘안써서 아깝지만ㅠㅠ 싸게 드려요
간간이 쓰다가 졸업유예하고 아예 안쓴지는 약 이개월쯤 됐구요 대학원 합격하면 글내릴 예정입니다!
그 전에 구매하실분은 연락주세요
풀박(충전기는 사용했음)입니다.",서울 강남구 대치2동,1050000,115,"없음, 리퍼기간, 새제품"
75,아이패드 프로 4세대 12.9 256g 스그 애케플가능,"2021년 5월 3일 미개봉으로 구입
판매자는 4월에 구입했다고 합니다.

풀박스

기스없음
종이질감필름부착
후면 카메라 강화 유리부착

배터리사이클 6회
보증기한 22년 5월 2일까지
애케플 가입 가능
활성화60일까지
활성하된지 30일 안되었습니다

구매할때받은 케이스 같이 드립니다.

직거래 안동
택배거래 선입금 노반품조건 가능 우체국 택배",경북 안동시 안기동,1100000,125,"없음, 필름, 미개봉, 애플케이플러스"
76,아이패드 프로4세대 12.9.셀룰러 256,"아이패드4개월사용 강하유리부착
팝니다",대전 유성구 덕명동,1100000,100,없음
77,아이패드 프로 4세대 12.9인치 128g wifi 실버,"⚠️⚠️⚠️
- 20년 7월 31일 구입(애플케어플러스❌)
- 집에서 영상 시청용으로만 사용
- 전후면&카메라 필름 부착 ⭕️
- 기스, 흠집 전혀 없는 s급 상품
- 박스 내부 구성품 ⭕️
- 직거래, 택배 모두 가능(직거래 우대)",경기도 남양주시 다산1동,900000,112,"없음, 필름, 최상급"
78,아이패드 프로 4세대 12.9 셀룰러 256g 스페이스 그레이 풀박스,"애플케어플러스 2022.06.22일 까지 
액정 벨킨 강화유리 붙여있구요 정품 케이스 있습니다. 
박스도 있습니다.",경기도 평택시 안중읍,1100000,105,"없음, 필름"
79,아이패드 프로 ipad pro 4세대 12.9인치 128g 실버 applecare+ 애플케어플러스 wifi,아이패드 프로 4세대 12.9인치 128기가 실버 wifi 애플케어플러스 입니다. 애플케어는 22년 5월 7일까지 입니다.,경기도 남양주시 별내동,1050000,100,없음
80,아이패드프로4세대 256기가 12.9 셀룰러 스그 판매,"5월 30일 문의+즉입주시는분에 한해서 100만원 바로 팔아요!!!


구성은 기본 박스+본체+별도로 구매한 랩씨 케이스(사용감있음, 구매후 따로 구매하는것을 추천드림) 입니다 

​

아이패드 프로 4세대 스페이스그레이 256기가 셀룰러 제품입니다. 

​

충전기가 없는점, 리퍼기간(21년 5월까지였습니다)이 지난점, 사용감이 적은점 참고하여 싸게 내놓습니다. 즉입가능여부에 따라 에눌가능하니 연락주세요. 

​

직거래는 대구 3호선 매천역 근처에서 합니다. 

택배거래시 반품불가 노클레임 노리턴 

​

현재 랩씨에서 구매한 케이스와 종이필름이 붙어있으나 필기용도로 사용하였으므로 제거 후 다시 붙이시는걸 권장드립니다 가격책정에는 넣지않았습니다. 

​",대구 북구 관음동,1000000,125,"없음, 필름, 셀룰러, 256, 생활흔적"
81,아이패드 프로 4세대 12.9 wifi 128g,"올해 2월에 구매한 아이패드 프로 4세대 12.9 wifi 128g 판매합니다.

구매후 액정보호필름 + 카메라보호필름 부착후 5번정도 사용하여 생활기스도 없는 깨끗한 상품입니다.
구매시 박스 + 본품 + 충전기 헤드(미사용) + 충전 케이블(미사용) 드립니다",충북 청주시 청원구 오창읍,980000,110,"없음, 필름, 미사용"
82,아이패드 프로 4세대 12.9인치 256g 셀룰러 스그,"작년 말에 구매해서 얼마
사용하지도 않은 제품입니다
필름 케이스 해놨고
직거래는 서면입니다
풀박이에요",부산 부산진구 전포동,1200000,100,없음
83,아이패드 프로4세대 12.9인치 256 셀룰러 / 스페이스그레이,"20년 5월에 구매했으니 딱 1년 됐네요.
주로 집에서 영상 시청했으며
기스나 하자 없고 풀박입니다.
종이질감 필름 붙여놨고
사용하던 케이스도 같이 드립니다 ^^

신림에서 거래시 약간의 네고 가능합니다",서울 관악구 신림동,1300000,112,"없음, 필름, 풀박스"
84,아이패드 프로 4세대 12.9인치 256기가 판매,"2020년 8월 구매했고 집에서만 몇번 사용했습니다.

아이패드 4세대 12.9인치
와이파이모델 256 기가
스페이스 그레이 색상
외관 깨끗, 흡짐없음
카메라보호필름 부착🥇
커버 하나 있는데 필요하시면 드릴게요.
 
광주 역동이며 성남에서도 거래 가능합니다.
감사합니다.",경기도 광주시 역동,1050000,115,"없음, 필름, 256"
85,아이패드 프로 4세대 12.9인치 512기가 wifi 팝니다,"자주 사용하지 않아 판매합니다. 
액정필름 붙어있고 우측 하단 모서리만 쪼금 찍혔고 
거의 새거입니다. 

택 또는 직거래 가능합니다.(택배환영)",강원도 춘천시 효자3동,1150000,115,"없음, 필름, 새제품"
86,아이패드 프로 4세대 12.9인치 128g 실버 미개봉 팝니다.,"아이패드 프로 4세대 12.9인치 실버 128g 미개봉 팝니다.
박스도 뜯지 않은 완전 미개봉 상품입니다.
종로 3가역 8번 출구 앞에서 거래 가능합니다.
편하게 연락 주세요!",서울 종로구 종로1.2.3.4가동,1100000,110,"없음, 미개봉"
87,아이패드프로 4세대 12.9 wi-fi,"올해 3월에 구매한 제품입니다.
애플케어 가입되어 있고 깨끗한 물건입니다.
펜은 요이치제품으로 구매했습니다.
판매할 물건이라 케이스와 펜 모두 드릴 생각입니다. 
네고x",울산 중구 다운동,1100000,100,없음
88,아이패드 프로4세대 12.9인치 256g wifi 판매합니다,"아이패드 프로4세대 12.9인치 256g wifi입니다

👉🏻애플스토어 정품으로 구매하였습니다
     (2020년 8월 2일에 구매했습니다)
👉🏻보증기간 2021.08.12 까지입니다
👉🏻배터리 효율 100%입니다
👉🏻주로 넷플릭스만 시청하였고 그 외 사용 안했습니다
     (11인치가 있어서 잘 사용안했어요ㅠㅠ)
👉🏻스마트 키보드폴리오 포함가격 120입니다
👉🏻민트색 케이스는 포함해서 드립니다~

스크래치 x, 보호필름 상태 양호, 전반적인 상태 s급입니다

궁금하신점은 언제든지 문의주세요~",경북 경산시 대동,1200000,122,"없음, 최상급, 256, 미사용"
89,아이패드 프로 4세대 12.9 wifi 256기가,구매는 작년 8월에 샀어요 기스 살짝 있어요 화면 켜져 있으면 하나도 안 보여요 uag 케이스 99000원짜리 쓰던거 같이 드려요 사이클 136회 배터리 93%,서울 영등포구 신길동,999000,100,없음
90,아이패드 프로 4세대 12.9 실버 128gb wifi 판매합니다,"이이패드 프로 12.9인치 실버 128gb wifi 모델 판매합니다
리퍼기간은 지났습니다
박스 및 구성품 다 있습니다
미국판매제품이라 카메라 무음 입니다
충전기에 쓰는 돼지코 같이 드리겠습니다
전면 힐링쉴드 종이질감 유리 붙어 있고
후면 힐링쉴드 보호필름 붙어 있습니다
상태는 기스잆이 깨끗합니다
케이스는 esr 케이스 있는데 필요하시면 드리겠습니다",서울 용산구 서빙고동,900000,107,"없음, 필름, 풀박스, 에플케어x"
91,아이패드프로4세대12.9와이파이256기가 팝니다.,"그림 그리려고 3월초에 구입했는데

종이그림만 그리다 패드로 그리려니 잘안돼서

두어번 그려보고 방치되어 판매 합니다.(실사용 1~2회)

상품 개봉후 바로 케이스 필름 부착하여

잔기스조차 없는 sss급 상태 입니다.

정말 사용횟수 1~2회라 새거나 다름 없습니다

사진에 보이는 패드+케이스+팬슬 포함 판매 입니다. 

박스는 없습니다.",충북 청주시 청원구 오창읍,1200000,122,"없음, 필름, 최상급, 새제품"
92,아이패드 프로 4세대 12.9  (미개봉),"128g,  wifi, 스페이스 그레이
미개봉 입니다.

*오늘 하루만 판매해봅니다.^^*",광주 동구 학운동,990000,110,"없음, 미개봉"
93,아이패드프로4 12.9인치 256기가 셀룰러,"실버색상이며, 올해 2월에 skt 가개통으로 구매하였습니다. 강화유리 붙어있으며 쓰던 케이스도 같이 드립니다. 
충전기와 기기본체 다 챙겨드립니다. 다만 박스상태가  좋지않아 이 부분 감안하여 가격 책정했습니다.",인천 남동구 구월2동,1100000,105,"없음, 필름"
94,아이패드프로 4세대 12.9형 셀룰러 256g,"구입한지 두달되었구요 사용도가 낮아서 거의 사용안한 새제품입니다
생활기스 전혀없구요 애플케어 2023년3월까지 입이다",부산 중구 영주동,1350000,115,"없음, 새제품, 미사용"
95,"ipad pro 4세대 12.9 512g ,아이패드","ipad pro 12.9 512gb wifi
보호유리 부착되어 있어서 기스 없습니다.
외관도 기스 없습니다.

케어플러스 포함 되어있어 파손, 고장
수리비 저렴하게 교환가능합니다.(아직 한번도 사용안함)
22년 12월8일 까지…이부분이 메리트 있다고 생각됩니다.

1. 박스내 구성품(케이블,충전기 미사용)
2. 중국 짭팬슬 최신형 (몇번 사용안함)
3. esr 스마트 커버, 고급형 젤리 케이스
4. 종이질갑 필름 고급형 (새제품)

운정아이파크 직거래합니다.",경기도 파주시 운정3동,1200000,150,"없음, 필름, 새제품, 애플케이플러스, 512, 미사용"
96,아이패드 프로 4세대 셀룰러 128gb 스페이스그레이 애플케어플러스 가능,"아이패드 프로 4세대 셀룰러 128gb 스페이스그레이 애플케어플러스 가능

2021년 4월 11일 쿠팡에서 132만원에 구입
(거래명세표 사진 첨부)

배터리 사이클 수 6회이며 거의 안써서 상태 좋습니다

풀박스로 가지고 있습니다

2만원 상당의 젤리케이스 같이 드립니다

애플케어플러스 2023년 4월 12일까지 가입 되어있고

같이 구입하시면 14만원 추가하시면 됩니다



서울 혜화, 서울 잠실, 경기도 하남 직거래 가능합니다

가까운 지역이시고 시간만 맞는다면 직접 가져다드립니다

죄송하지만 가격절충은 사양합니다

오늘도 좋은하루 되세요~!",서울 종로구 혜화동,920000,125,"없음, 애플케이플러스, 셀룰러"
97,아이패드 프로4세대 12.9인치 128기가 와이파이 모델입니다!,"아이패드 프로4세대 12.9인치 128기가 와이파이 모델입니다!
20년4월말에 구매해서 거의 유튜브 보는 용도로 사용했습니다 깨끗해요 하자 기스 없습니다 뒤쪽에 각인이 있는데 잘안보이긴하지만 신경쓰이는 분은 페스해주세요ㅠㅠ
구성은 풀박스에 케이스와 로지텍 블루투스키보드도 같이 드립니다 
두정역 올리브영앞에서 거래할게요!
진짜 싸게 내놓습니다ㅠㅠ",충남 천안시 서북구 두정동,1050000,90,"없음, 각인"
98,애플케어 아이패드 프로4 12.9셀룰러,"아이패드 프로 4세대 스페이스그레이 셀룰러 128기가 애플케어 가입한 상품 판매합니다

풀박스 + 베이프 정품 파우치 함께 드립니다
액정필름은 붙여져잇으며 상태 좋습니다

애플

구입가격 

모두 살때와 동일한 풀박스로 보유중입니다. 

애플케어플러스는 보증 횟수 2회 전체 남아있으며, 
파손시 새제품으로 교환할 수 있으므로
새상품 사시는 것 보다 더 이익입니다",부산 서구 서대신제3동,1250000,135,"없음, 필름, 리퍼기간, 새제품, 셀룰러"
99,아이패드 프로 4세대 12.9인치 실버 / 풀박스,"아이패드 프로 4세대 12.9인치 실버 128gb wifi

실 사용기간은 3개월정도. 충전기와 충전기 잭 다 있습니다.검은색 케이스도 같이 드립니다.",부산 수영구 수영동,910000,100,없음
100,아이패드 프로 4세대 12.9인치 와이파이 256기가 애플케어플러스 팝니다,"작년 4월에 구매해서 6월에 애캐플달고 내년 6월까지 애케플 가능한 제품입니다

애캐플들어서 따로 필름은 안발랐구 전체리퍼는 5만원만 내면 교체가능합니다",서울 광진구 중곡제4동,1150000,115,"없음, 리퍼기간, 애플케이플러스"
101,아이패드 프로 4 128g 팝니다,"왼쪽 위에 찍힘 살짝 있는데 보일정도는 아니구요
충전기 제외한 팬슬+무선 키보드+종이질감필름 +박스 전부다 있습니다. 연락 주세요! 개봉 후 사용기간 3-4개월 정도 실사용 기간입니다.",서울 종로구 숭인동,850000,100,없음
102,끌올가격인하x]아이패드 프로 4세대 스페이스그레이 12.9인치 128기가 wifi 팝니다.,"애플공홈에서 아이패드 프로 4세대 구매한지 1년 되었고
애플케어플러스도 같이 구매하여 1년 남았습니다.
애플펜슬까지 총 165만원 쓴걸로 기억합니다.
초반에 카페에서 꺼내놓고 그림그리는 거 외에 별로 들고나가지 않았습니다.
그림그리려고 샀는데 저한테 과한 스펙이기도 하고 무엇보다 그림을 이제 그리지 않아 유툽이랑 넷플만 보다가 판매합니다.
사진 보시듯이 찍힘, 기스 전혀 없고 박스와 구성품 다 있습니다.
베터리 수명도 99퍼로 새거나 다름 없습니다.
사자마자 액정필름 붙이고 케이스 끼고 사용하여 필름이랑 케이스만 좀 사용감 있습니다.
무조건 직거래하고 확인하고 구매하시길 바랍니다🙂",경기도 안산시 상록구 사동,1300000,122,"없음, 새제품, 애플케이플러스, 풀박스, 생활흔적"
103,미개봉새상품)아이패드프로4세대 128g wifi+cellular 스페이스그레이,"비닐씰 그대로인 새상품입니다.
구매자분께선 첨부되어있는 사진에 제품정보 잘 확인해보세요.
네고는 생각하고 있지않습니다.
무례한 톡은 답변없이 차단합니다.
시간낭비 감정낭비 없이 쿨하게 사가실분 연락주세요.",서울 성북구 상월곡동,1150000,110,"없음, 새제품"
104,아이패드프로 4세대 12.9 128기가 와이파이 스페이스 그레이,"아이패드 프로 4세대 12.9인치 팔아요. 문제 있어서 파는 거 아니고 선물로 서피스프로7 받아서 이거 파게 됩니다. 

구성품은 풀박스. 
색상은 스페이스 그레이(space grey) 

128기가 와이파이 모델 입니다.  

애플펜슬(2세대)포함입니다. 

받자마자 종이 질감 예정보호 필름을 부착했읍니다(주로 필기용으로 쓰려고해서) 케이스도 꼈습니다. 펜도 옷을 입혔습니다  :)  

20년 6월에 산제품이고 배터리가 아직도 좋습니다. 

솔직히 상태좋고 실사용 시간이 적습니다 (주간보고 사진으로 확인 가능합니다).
주로 필기용으로만 사용했습니다. (비싼 공책이라고 생각합니다 lol) 

엄청 꺠끗하게 사용했지만 9번 사진에 보이다시피 펜축에 기스  있습니다. 그런데 사용하는데 문제 없습니다.  (찍은 영상을 추가하려는데 안되네요) 


사진이나 영상을 더 보고 싶으면 dm으로 연락주세요.

 지역은 대구 경북대학교.",대구 북구 산격3동,1100000,98,"없음, 필름, 기스"
105,아이패드 프로 4세대 12.9 미개봉 새상품+종이질감 필름,"아이패드 프로 12.9 4세대 128g
미개봉 새상품 스페이스 그레이 wifi + 종이질감필름 판매합니다. 
필름은 윌리스에서 구매해서 부착 서비스 가능합니다.",서울 송파구 석촌동,1045000,150,"없음, 필름, 필름, 미개봉, 미개봉, 새제품, 새제품"
106,ss급 아이패드 프로 4세대 12.9인치 256gb wif 스페이스그레이 판매합니다,"관상용으로 사용하다 판매합니다 유튜브도 잘보지않아 그냥 세워두었네요.. 양심없는 분들처럼 몇개월전 구입하고 미개봉이라 하는짓을 하지않기위해 미리말씀드립니다 배송왔던 박스 비닐 부속품 전부 그대로있어요

솔직히 남들 안썻다 안썻다 개봉만했다 하지만 사람 손때탄거 무시 못하잖아요?ㅎㅎ

공기청정기 옆에있어서 먼지도 쌓이지 않았습니다

말그대로 기스하나없는 완전 새것입니다

종이질감 필름지 부착되어 있으며 후면 카메라 강화유리도 부착해두었어요.

​

작년 11월즈음에 구매하여 보증기한이 많이 남아있어요~

구매시 4만원상당 펜슬 탈부착형 케이스와 필름 1매 같이드립니다~

고가의 제품이라 거래는 직거래를 선호하며

택배 거래시 제품의 파손 위험이 있습니다

지역은 수원입니다.

​

사용감 없고 풀박이라 선물용으로도 좋을듯해요^^

연락주세요~

​

이름석자 타이핑하지 않은 매직키보드는 9만에 별도 판매합니다 구매시 가죽케이스 드려요~ 

많은 분들이 헷갈려하시는데 애플 정품 블루투스 키보드에요 아이패드 전용으로만 사용하는게아닌 핸드폰 맥 맥북 등 노트북 데스크탑에 사용되는 다용도 키보드입니다 이쁘고 가벼워서 삿어요

애플펜슬은 별도 판매중이니 문의주세요^^

​

맥북 m1 교환가능",경기도 수원시 권선구 구운동,1150000,120,"없음, 필름, 리퍼기간, 미개봉, 새제품, 파손"
107,아이패드프로 4세대 12.9인치 128gb 와이파이,"안녕하세요!
﻿아이패드프로 4세대 12.9인치 128gb 와이파이 모델 판매합니다.
2020년 4월 28일 구매하여 약 1년동안 사용하였고 3utools 사용하여 배터리 효율 확인결과 100%입니다.
애초에 컨텐츠 감상(넷플릭스/유튜브)이외에는 사용하지 않아서 판매하게되었습니다. 
구매와 동시에 지문방지를 위해 약 3만원상당의 랩씨 종이질감필름을 붙이고 케이스를 사용했습니다. 
사용흔적 및 사용감, 생활기스 절대 없습니다. 전자제품은 병적으로 깨끗하게 사용하여 새제품 동일상태 자부합니다.
제가 발견하지 못한 하자가 있다면 그만큼 바로 가격인하하도록 하겠습니다. 
구매할 때 있었던 모든 풀박스 그대로 있으며 구매한 케이스도 원하시면 드리겠습니다!
가격은 택배비 제외 100만원입니다!
직거래와 택배거래 모두 가능하며 직거래는 대전 유성온천역, 충남대학교, 시청역, 목원대학교에서 가능합니다. 
택배거래는 구매자분께서 안심하실 수 있도록 뽁뽁이로 완전무장해서 보내드리겠습니다!
보내는 과정, 보내는 우체국지점까지 모두 확인시켜드릴게요!
네고 및 교환신청,단순 변심에 의한 환불은 사양하겠습니다.(따로 답변드리지않겠습니다.)
진정 구매원하시는 분께서만 연락주시면 감사하겠습니다. 
문자주시면 빠르게 답변해드릴게요!
제 연락처는 010-사9사6-구2구5입니다!
감사합니다. 모두 건강 유의하세요!",대전 유성구 원신흥동,1000000,110,"없음, 새제품"
108,미개봉 아이패드프로 4세대 12.9 wifi 1tb 팝니다 mxax2kh/a,"아이패드프로 4세대 12.9 wifi 1tb mxax2kh/a

화면:12.9인치
저장공간:1tb
색상:스페이스 그레이

갈색 박스도 안뜯은 미개봉 새제품입니다
사진 참고하세요

직거래:응암역
톡 주세요",서울 은평구 응암동,1550000,150,"없음, 미개봉, 새제품, 1tb"
109,아이패드 프로 4세대 12.9,작년 11월 즈음에 사고 쓰지를 않아서 팔아봐요 직거래는 돌곶이역에서 합니다. 외관은 그냥 s 급입니다 하자도 절대 일절 없구요~,서울 성북구 장위동,950000,107,"없음, 최상급"
110,아이패드 프로 4세대 12.9 실버 256 애케플,"아이패드프로 4세대 12.9 256기가 wifi 모델
21.3.9 구매, 애케플 가입o,
~ 2023.3.10 까지)

풀박스(충전기 및 케이블 등 구매당시 그대로)
실내에서 사용, 상태 a급

노트북 사용이 많아 잘 사용하지 않게 되어
판매합니다

스코코 종이질감 필름 부착 상태
카메라 보호 강화유리 부착 상태",경기도 성남시 분당구 야탑동,1100000,132,"없음, 필름, 최상급, 애플케이플러스, 256"
111,미개봉 아이패드프로4세대 12.9 wifi 1tb mxax2kh/a,"아이패드프로 4세대 12.9 wifi 1tb mxax2kh/a

화면:12.9인치
저장공간:1tb
색상:스페이스 그레이

갈색 박스도 안뜯은 미개봉 새제품입니다
사진 참고하세요

직거래:서초동
톡 주세요",서울 서초구 서초1동,1550000,150,"없음, 미개봉, 새제품, 1tb"
112,아이패드 12.9 프로4세대 셀룰러 128g 스그 팝니다,"아이패드 12.9 프로 4세대 팝니다.
신규 아이패드로 넘어갈려구요.

딱 4개월 사용했습니다.
색상은 스페이스그레이고, 케이스 씌우고 앞에 강화유리 필름 붙이고 사용해서 찍힘이나 기스 전혀 없습니다.
올해 21년 1월 30일 애플 스토어 가로수길에서 구매했고 샀을때 박스와 구성품(충전기)도 있습니다.

케이스는 24만원 정도 주고 샀던 폴리오 케이스로 사용감 있으며 기기 구입시 같이 구매시는 분께 15만원에 별도 판매하도록 하겠습니다.",서울 동작구 본동,1100000,95,"없음, 생활흔적"
113,아이패드프로 4세대12.9 인치 256g lte 판매,"제조년도 2020년 4월
구매 2020년5월
구매처 엘지유플러스샵 새제품
구성품. 본체 스그, 애플2세대펜, 충전기, 본체 박스. 사제 케이스
사용을 많이 안하여 기스도 없는 슈퍼s급입니다",강원도 원주시 명륜2동,1050000,117,"없음, 최상급, 새제품"
114,[랩씨] 강화유리 아이패드 프로 4세대 12.9,"#직거래 선호 #택배상자 없음

아이패드 프로 3세대 4세대 12.9 호환
강화유리 다이아몬드 글래스 
사진 참고해주세요 
종이질감으로 충분해서 강화유리 당근합니다 

케이스는 좀 찌그러졌지만, 
속안에는 하자 없습니다. 
플라스틱으로 잘 보호되어 있습니다 

구갈초 근처 
신갈역 기흥역 근처
담길만한 택배상자가 없어서 직거래 선호!",경기도 용인시 기흥구 신갈동,10000,100,없음
115,아이패드프로 4세대 12.9인치 128gb 와이파이 스그,"보증 8월3일까지
박스있음
펜 +10만
케이스 드림 
사자마자 케이스 씌우고 종이질감 필름붙였어요
가방에만 가지고 다녀서 기스따윈 없습니다.
광명 및 신림 등 직거래 가능-!",경기도 광명시 하안동,900000,100,없음
116,아이패드pro4세대/12.9인치/256gb/wifi,"팝니다. 상태 s급이고 11월까지 보증기간 남았습니다.  홍콩판인데 충전기는 돼지코 같이 드려요
종이플림 붙여 있고, 여분 하나 더 드리겠습니다. 
애플펜슬 보관 가능한 케이스도 있어서 펜슬만
구매하셔서 사용하시면 됩니다.",서울 구로구 구로제5동,1050000,112,"없음, 최상급, 리퍼기간"
117,아이패드 프로 4세대 12.9 스페이스그레이 512기가 wifi 풀박스 팝니다 (애플케어 등록),"작년 10월에 산 아이패드 입니다
집 안에서만 조심히 사용했어서 기스하나 안난 s급입니다
애플케어도 한번도 사용안하고 2022년 10월 만료입니다
사진 보시고 연락주세요~!
* 마지막 가격인하입니다",강원도 속초시 조양동,1150000,112,"없음, 최상급, 미사용"
118,아이패드 프로 4세대 12.9 인치 미개봉 와이파이 1테라 1t 신품,"애플코리아 정품
스페이스그레이 
강화유리 1매  종이질감필름 1매 포함
폴라리스 오피스 프로 6개월 무료 포함
미개봉 신품 새상품
12.9 와이파이 1테라
합정역 직거래 합니다
네고문자답변 안드립니다",서울 마포구 합정동,1730000,150,"없음, 미개봉, 새제품, 1tb"
119,12.9 아이패드 프로 4세대 lte(셀룰러) 256gb + 애케플,"매직키보드+파우치에 넣어서 사용했기때문에 상태 민트급이라고 보셔도 됩니다. (사진 보시면 아시겠지만 미세기스 조차 없습니다) 박스 풀구성 입니다

리퍼제품도 아니고 
애케플 혜택 한번도 사용하지 않았기 때문에
22년 5월 27일까지 우발적 사고 2회 보상 됩니다

해외제품이나 통신사 제품아니고 
국내 애플공홈 구입 unlock 제품이며 영수증 증빙 가능합니다

직거래(부천역) 택배거래 모두 가능하며 
해당 거래방식 모두 노리턴 조건입니다. 퀵은 불가합니다.
결제나 입금직전 사진이나 제품의 상태를 꼼꼼히 확인하시고 거래하시기 바랍니다. 때문에 가급적 직거래 선호합니다. 
(직거래시 거래파토 방지 위하여 소정의 홀드금 받습니다)


외 궁금하신건 톡 주세요.",경기도 부천시 상동,1400000,112,"없음, 리퍼기간, 풀박스"
120,아이패드 프로4 128g,"아이패드 프로 4 와이파이 11인치
실버 무기스 휨 기타  없음
사진보시고 가격흥정 ㄴㄴ
밧데리 100프로
팝니다
쿨거래시 기름값정도는 빼드립니다
페이스 오류 뜨긴하는데 사진보시면 기간 9월까지 입니다
사기가 많아서 직거래 만  가능합니다",경기도 구리시 교문2동,650000,100,없음
121,lte 아이패드 프로 4세대 12.9 256gb 4월 4일 활성화(구매),"2021년 4월 4일에 활성화 했습니다.

액정보호필름 교보문고에서 붙였습니다.

키보드 케이스도 있습니다(매직키보드 아니에요. 쿠팡에서 79,000원. 별 5개 상품. 키감 좋아요. 매직패드 동작 아주 좋아요!)

기본 동봉되어 있던 애플용 일반 충전기는 제외하고 3배 충전이 빠른 접지형 충전기로 드립니다. 충전 속도 정말 마음에 드실겁니다.

마지막에서 두번째 키보그 사진은 아이패드를 빼다가 금이 생겼네요. 

아이패드에 금 생긴건 아니고요. 키보드에요.

사용에는 1g도 문제 없습니다만 그래도 알아두셔야 하니까요.

뒤에 당근마켓 스티커는 장난으로 붙여놓은겁니다 ^^; 바로 떼실 수 있어요.

lte 모델이며 4월 4일 활성화라 당연히 배터리가 매우매우 빵빵합니다. 

쓴지 얼마 되지도 않고 키보드 케이스도 있어서 꽤 합리적인 가격이라고 생각합니다. 

이 가격에 안팔리면 애케플 추가해서 그냥 쓰렵니다. 

톡 주세요~~",서울 강남구 역삼동,1200000,100,없음
122,아이패드 프로 4세대 12.9인치 128기가 와이파이 스그 풀박스 구성입니다!,아이패드 프로 4세대 12.9인치 128기가 와이파이 스그 풀박스 구성입니다!,서울 강남구 삼성1동,1030000,107,"없음, 풀박스"
123,프로 4세대 와이파이 128 스그 12.9인치 아이패드,아이패드 128기가 12.9인치 아이패드입니다,서울 강남구 삼성1동,1030000,100,없음
124,애플 아이패드 프로 4세대 12.9 셀룰러 256 실버 판매합니다,"사놓고 거의사용하지를 않아서 판매합니다

모델명 mxf62kh/a 입니다

풀박스입니다

투명케이스, 강화유리, 카메라보호커버 모두 착용중입니다",부산 수영구 망미동,1150000,107,"없음, 풀박스"
125,아이패드 프로 4세대 12.9 판매합니다.,"wifi 128g 판매합니다.

네고 문의 사양합니다.

살 사람만 연락주세요^^",인천 연수구 송도2동,999000,100,없음
126,아이패드프로4세대 12.9 스그 셀룰러 128 애케플,"2020년 6.12일 가로수길에서 픽업해서 가져온 제품입니다.

대학생이어서 학업목적으로 아이패드가 필요할 거 같아 구매했는데 거의 쓰지도 않고 방치하다 팔려고 합니다!

​

필름과 케이스를 부착해놔서 생활기스 하나 없고 넷플릭스 영상 시청이 90%입니다. 아주 깨끗합니다! 

​

애케플은 22년 08.02일 까지이며 나머지 궁금하신점은 연락 주세요!! 
연락처는 010-9432-7428입니다!!",서울 광진구 군자동,1150000,105,"없음, 필름"
127,아이패드 프로 4세대 12.9 액정보호필름,"힐링쉴드 블루라이트 차단 종이질감 액정 아이패드 프로 4세대 12.9 액정보호필름 겉포장만 뜯어본 새 제품 입니다

반값에 팝니당

직거래 만덕 덕천 사직 가능합니다",부산 북구 만덕동,15000,110,"없음, 새제품"
128,아이패드 프로 4세대 12.9(4세대) 128g 셀룰러 2020,"2020.9월 구매
상태는 a급(집에서만 영화보면서 사용) 
색상: 실버 
wifi+cellular
12.9형 (4세대)
용량: 128g
애플케어x 풀박스(충전케이블,어탭터 o) 
무상보증기간 2021.09.27까지
생활기스나 찍힘 전혀 없이 거의 개봉상태 그대로입니다.
종이질감 액정필름 부착
케이스도 함께드립니다. 
애플펜슬은 없습니다
노트북을 따로 사용하게되서 아이패드는 거의 사용 안하게 돼서 판매합니다. 
직거래 지역은 인천 부천 등 경인지역 가능 합니다",인천 남동구 논현동,1050000,137,"없음, 필름, 최상급, 애플케이플러스, 셀룰러, 미사용, 에플케어x"
129,아이패드 프로 4세대 12.9 인치 128g wifi 스페이스그레이 미개봉 새상품,"아이패드 프로 4세대 12.9 인치 128g wifi 스페이스그레이 미개봉 새상품 판매합니다. 
보시는 것처럼 미개봉 새상품입니다. 
인터넷 최저가보다 저렴하게 판매합니다. 
새상품이므로 네고는 불가하며 네고 문의는 답변드리지 않을수 있으니 참고바랍니다. 
거래 가능하신 분만 메세지 남겨주시면 감사하겠습니다. 
호평. 평내. 마석. 금곡. 진접 직거래 가능합니다.",경기도 남양주시 호평동,1100000,120,"없음, 미개봉, 새제품"
130,아이패드프로 4세대 12.9인치 실버 256기가 셀룰러 판매합니다,"아이패드프로 4세대 12.9인치 256기가 셀룰러 판매합니다.
올해 2월에 공홈에서 구매했구요 애캐플 23년 2월까지입니다
5세대 넘어가려고 판매하구요
사용에 아무 이상없으며 저반사필름 부착중입니다
집에서 공부할 때만 사용해서 깨끗하고 케이스도 깨끗합니다
통신사끼고 산게 아니라 구매하신다고 하시면 바로 초기화해서 드릴 수 있습니다
유심만 끼워서 사용하시면 돼요
평일 대명동이나 반월당 직거래 선호합니다
쿨거하시면 네고해드려요",대구 남구 대명11동,1330000,130,"없음, 필름, 셀룰러, 256"
131,아이패드 프로4세대 12.9 셀룰러 삽니다,"아이패드 프로4세대 12.9 셀룰러 삽니다
바로 거래 가능합니다",전남 목포시 용당동,900000,115,"없음, 셀룰러"
132,아이패드 프로 4세대 12.9 256기가 와이파이판매,"1월달즈음에 중고거래로 구매하셔서 지금까지 사용하시다가 이번에 갤럭시탭으로 넘어가면서 판매합니다
​
배터리 사이클이나 효율은 사진에 적혀있다시피 꽤나좋은상태고, 집에서만 사용하여 기스나 깨짐이 없습니다.
​
힐링쉴드 강화필름 부착한상태이고 풀박스 구성에 젤리케이스 하나, 열고 닫을수있는 케이스 하나 구성입니다.
​
가격은 110만원이고, 직거래 위치는 신도림역 아니면 부천역에서 가능합니다
​
네고는 죄송하지만 안받습니다

직거래 거래상 구매후 환불안됩니다.
​",서울 구로구 온수동,1000000,105,"없음, 필름"
133,아이패드 프로 4세대 12.9 셀룰러 풀 구성품,애플케어플러스 등록되어있습니다 사진원하시면 더 드릴게요,경기도 수원시 영통구 망포동,1700000,110,"없음, 애플케이플러스"
134,아이패드 프로 4세대 12.9 팝니다,"스페이스 그레이 128gb 와이파이 모델이고, 20.11월 구매 하였습니다

케이스 있고, 박스와 충전기 있습니다.
가격제안 받습니다. 액정에 스크래가 있지만 사용하는데에는 지장 없습니다.(찍으려고 했는데 사진에 안담기네요.)

너무 커서 11인치로 넘어가려고 판매합니다",전북 전주시 덕진구 인후1동,990000,93,"없음, 기스"
135,아이패드 프로 4세대 셀룰러 12.9인치 팝니다,"아이패드 프로 4세대 12.9 인치 셀룰러 128기가 모델 팝니다 구매는 2020년 6월에 구매 하였고 배터리 효율 100프로 입니다 사진 처럼 에케플 적용 되어 있습니다 사용을 거의 안해서 상태 매우 좋고 기스 일체 없습니다
네고는 죄송하구요 많이 연락 주세요 !!",부산 동래구 명장동,1200000,130,"없음, 셀룰러, 셀룰러"
136,아이패드 프로4세대 스페이스그레이 128g,"애플 아이패드4세대 셀룰러 스페이스그레이128g 
12.9인치 판매합니다
스마트폴리오 키보드 케이스 있습니다
구매한지 6개월 정도됐습니다

풀박스로 드립니다
논현동 직거래 원합니다",서울 강남구 논현동,1173000,122,"없음, 풀박스, 셀룰러"
137,아이패드 프로 4세대 12.9 셀룰러 256gb 판매,"네고 안받습니다.
*거래진행중 파기x / 구입o 하실분 연락주세요.

아이패드 + 애플펜슬 = ₩ 1,630,000

(구성) 박스풀 / 케이스(아이패드,펜슬)

- 아이패드 프로 4세대 12.9 wifi+셀룰러 256gb
*생활기스 : 눈으로 확인된 기스 없음
*종이질감필름 부착중
*통신사 skt
*애플케어+ 가입o (유효기간 2022.09.07)

- 애플펜슬 2세대 : ₩ 130,000
*제조일 : 2020

직거래 (5호선 장한평역)
평일 : 오후 7시 이후
주말 : 늦은시간만 아님 가능",서울 동대문구 장안동,1500000,140,"없음, 필름, 애플케이플러스, 셀룰러, 256"
138,아이패드 프로4 12.9 셀룰러,"아이패드 프로4 12.9 셀룰러 256 모델입니다.
애플펜슬2세대 포함
종이질감 필름 전면 부착되어있고 측면 후면 필름 부착되어 있습니다
박스 다 있어요
다른 태블릿을 주로 써서 거의 사용을 안해서 팝니다.",경기도 양평군 용문면,1050000,130,"없음, 필름, 셀룰러, 256"
139,아이패드 프로4 12.9인치 256g 셀룰러 스페이스그레이,"아이패드 프로4 12.9인치 256g 셀룰러 스페이스그레이


가격은 110만원

작년 8월 19일에 개봉하여 사용.
영상 시청하고 웹서핑 간단하게만 사용했습니다.

상태는 좋구요.
어디 들고다니지를 않아서 외관 깨끗하네요
사진 참고해주시구요.

아이패드 박스 다있고 구성품도 다있습니다.
그리고 메이커없는 스탠딩 케이스 하나 따로 사진 참고해주시구요.

아이패드 박스 다있고 구성품도 다있습니다.
그리고 메이커없는 스탠딩 케이스 하나 따로 쓰던것도 드리겠습니다.

*사진에 있는 매직키보드 케이스는 별도 입니다

*사진에 있는 매직키보드 케이스는 별도 판매입니다.",서울 도봉구 창제4동,1050000,132,"없음, 풀박스, 셀룰러, 256"
140,아이패드 프로 4세대 12.9 256g 셀룰러,"산지 7개월 정도됐구용 사용시간은 별로 길지 않구, 애캐플도 해놨는데 상태는 a급이랑이라 생각돼요. 떨어트리거나 박은적 한번 없고, 사실 애캐플 들어 있어서 크게 하자 있다고 생각 안되어요. 투명케이스와 케이안케이스 두개 같이 드릴게요. 필름은 종이질감 붙혀뒀는데 사가시고 맘에 안드시면 바로 제거하심 됩니다. 펜슬은 안드리구 직거래는 퇴근시간 신촌, 근무시간 상암동 jtbc근처에서 가능할 것 같습니다. 풀박스 가능(충전기 그대로 들어있습니다. )",서울 마포구 상암동,1500000,117,"없음, 최상급, 애플케이플러스"
141,아이패드 프로4세대 12.9 wifi 128g,"아이패드 프로
매직키보드
애플펜슬 2세대 판매",경남 창원시 성산구 중앙동,1300000,100,없음
142,아이패드 프로 4세대 12.9 셀룰러 256gb 판매,"네고 안받습니다.
*거래진행중 파기x / 구입o 하실분 연락주세요.

아이패드 + 애플펜슬 = ₩ 1,630,000

(구성) 박스풀 / 케이스(아이패드,펜슬)

- 아이패드 프로 4세대 12.9 wifi+셀룰러 256gb
*생활기스 : 눈으로 확인된 기스 없음
*종이질감필름 부착중
*통신사 skt
*애플케어+ 가입o (유효기간 2022.09.07)

- 애플펜슬 2세대 : ₩ 130,000
*제조일 : 2020

직거래 (5호선 서대문역)
평일 : 점심시간 or 오후 6시 이후
*근처지역도 거래가능합니다.",서울 서대문구 미근동,1500000,140,"없음, 필름, 애플케이플러스, 셀룰러, 256"
143,아이패드 프로 4세대 12.9인치 1tb 미개봉 스페이스그레이 팝니다,"저장공간 : 1tb
ram : 6gb
상태 : 미개봉
직거래 : 서초동

상태는보시다시피 미개봉입니다~! 사진에 정보올려둿으니 확인하시구 연락주세요!
선물받은거라 영수증은없어요~~ 
거래시 입금주시구 뜯는거가능하세요~
먼저뜯어보겠다는 그런분들은 연락안주셔도됩니다",서울 서초구 서초1동,1580000,140,"없음, 미개봉, 1tb"
144,아이패드 프로4 12.9인치 128gb,"아이패드 프로4세대 12.9인치 128기가 wifi 
+4면 필름부착+ 애플정품케이스

실사용감은 구매 후 글씨 끄적여본 거 말고는 없습니다.(영상도 안 봤습니다..,.) 완전 신제품입니다..,.

충전기+상자 같이 전달드립니다.

편하게 연락주세요",서울 중구 신당동,1120000,110,"없음, 필름, 필름"
145,아이패드 프로 4세대 실버 128g 새상품 판매합니다,"일주일 전 충동구매로 구매하고
개봉도 안한 새제품입니다ㅜㅜ",서울 송파구 삼전동,855000,110,"없음, 새제품"
146,아이패드프로4세대 128 와이파이모델 팔아요,작년 11월달 구매했고 사놓고서 사용을 아예 안해서 판매합니다..케이스는 정품 케이스입니다 쿨거래시 에눌 가능,인천 서구 석남2동,1000000,100,없음
147,아이패드 프로 4세대 12.9 셀룰러 실버 128기가,아이패드 프로 4세대 12.9 셀룰러 실버 128기가 팝니다! 올해 8월까지 리퍼 남았고 일주일에 한시간도 사용안해서 처분합니다~ 밖에 들고나간적도 없고 방치되어 상태는 극상입니다!~,서울 강서구 마곡동,980000,125,"없음, 리퍼기간, 셀룰러, 미사용"
148,아이패드 프로 4 12.9인치  128gb,"아이패드 프로4세대 12.9인치 128기가 wifi 
+4면 필름부착+ 애플정품케이스

실사용감은 구매 후 글씨 끄적여본 거 말고는 없습니다.(영상도 안 봤습니다..,.) 완전 신제품입니다..,.

충전기+상자 같이 전달드립니다.

편하게 연락주세요",강원도 원주시 태장1동,1120000,110,"없음, 필름, 필름"
149,아이패드프로4세대 12.9형 256gb 스그,"제조년월 올해1월제품입니다 올해 2월에 구매후 영상 및 그림작업으로 사용하다가 손이 잘 안가서 당근해요.
애케플 가입되어있고 2023년2월3일까지 넉넉합니다.
펜슬하고 같이 들어놔서 일괄로만 판매합니다.
구성품은 구입한 그대로 풀구성 풀박스입니다.
더 필요하신 사진은 채팅으로 문의해주세요 ~

직거래는 고강본주민센터와 서서울호수공원에서합니다.",경기도 부천시 고강본동,1450000,107,"없음, 풀박스"
150,아이패드프로4세대 12.9형 256gb 스그,"제조년월 올해1월제품입니다 올해 2월에 구매후 영상 및 그림작업으로 사용하다가 손이 잘 안가서 당근해요.
애케플 가입되어있고 2023년2월3일까지 넉넉합니다.
펜슬하고 같이 들어놔서 일괄로만 판매합니다.
구성품은 구입한 그대로 풀구성 풀박스입니다.
더 필요하신 사진은 채팅으로 문의해주세요 ~

직거래는 중앙동에서합니다.",경기도 안산시 단원구 중앙동,1450000,107,"없음, 풀박스"
151,아이패드 프로 4세대 12.9인치 128g wifi 애플케어가입가능 상태 최상,"아이패드 프로 4세대 wifi모델, 128기가입니다!
색상: 스페이스 그레이
추가 구성품: 아이패드 케이스, 상자(tmi: 구매할때 있던 종이 포장지도 있음), 충전기, 강화유리 필름(40000원..부착되어있음), 카메라 보호필름(부착 되어있음)
애플케어플러스 서비스 등록 가능합니다(60일 이내 신청가능으로 알고 있어요!)
+애플펜슬은 없습니다..ㅠ

다른 사진도 원하시면 편하게 연락주세요!",광주 서구 화정동,1100000,115,"없음, 필름, 애플케이플러스"
152,아이패드 프로 4세대 12.9 256기가,"와이파이 모델
색상 스페이스그레이
배터리성능 100퍼

제한보증 유효기간 21년 9월 10일
(애플케어 플러스 x)
사진참고하셔용

거의 사용안해서 판매합니다
집에서 사용해서 생활기스도 거의 없습니다

보호필름 기포없이 깨끗하게 부착되어있습니다 사용한 케이스도 드립니다 (풀박스)",충북 충주시 연수동,1100000,95,"없음, 필름, 미사용, 파손, 에플케어x"
153,미개봉 아이패드 프로 4 12.9 cellular+wifi 512gb,"미개봉 아이패드 프로 4 12.9 cellular+wifi 512gb 
 
​중고가격보다 훨씬 저렴하게 판매합니다 
실버 색상

애플 코리아 공인 리셀러 제품 

애플 공인 서비스센터 a/s 가능제품 

직거래는 동탄가능 

애플케어플러스 가입가능 (아직 미활성화 제품) 

네고없음",경기도 화성시 동탄2동,1300000,155,"없음, 미개봉, 애플케이플러스, 셀룰러, 512"
154,"스코코 아이패드 프로4세대 12.9인치 무광필름(후면,측면)","스코코 아이패드 프로4세대 12.9인치 무광필름
후면,측면 각 1매씩 있는거 일괄5000원에 팔아요!

구매시 각 2매씩 들어있는거 제가 1매씩 제가 썼구요. 측면은...저는 망했는데..어려워서 다시 안 붙일라구요...ㅎㅎ후면은 성공했는데 무광필름 진짜 이뻐요!

구성은 이렇게 드려요!
-무광필름 후면 1매
-무광필름 측면 1매
-부착가이드 리플렛
-일회용 클리닝티슈 2장
-먼지 제거 스티커 2set (총6장)
-밀대 새 것 2개

자세한 것은 아래 링크 참고하시면 됩니다😊

무광후면
https://m.smartstore.naver.com/skoko/products/4871550615

무광측면
https://m.smartstore.naver.com/skoko/products/4871550556

⭐️직거래: 명일역 근처
⭐️택배비추가하시면 택배도 가능합니다!
❗️무례한 분이랑은 거래 안 합니다.",서울 강동구 암사제3동,5000,110,"없음, 새제품"
155,아이패드 프로 4세대 12.9형 128gb (wifi) 팝니다.,"제품정보

제품명 : 아이패드프로4세대 12.9형 128g wifi

용량 : 128g

색상 : 실버

구매 : 20년 6월 7일 쿠팡 로켓 구매

제품상태 : 최상
회사 업무용으로 구매하였으나, 노트북 추가 구매로 실사용하지 않아 판매합니다. 

가격 : 85만원

구성품 : 풀박스

제품설명

[액정필름 부착] - [애플케어플러스 미가입]",서울 양천구 신월3동,850000,112,"없음, 필름, 최상급"
156,아이패드 프로 4세대 12.9 wifi 128g 스페이스 그레이 판매합니다.,"아이패드 프로 4세대 12.9 wifi 128g 스페이스 그레이 판매합니다.

다음 세대로 넘어가려고 싸게 판매합니다.

애플케어 23년3월 27일까지입니다.

구매한지 얼마되지 않았고 구매하자마자 바로 강화유리를 부착하여 상태는 아주 좋습니다.",강원도 강릉시 교1동,960000,105,"없음, 필름"
157,아이패드 프로 4세대 12.9 wifi 128g 실버 애플케어+ 가입 풀박스,"풀박스 입니다. 충전기, 케이블 다 있습니다.
esr 강화유리, 케이스 부착을 한 상태입니다.
애플 케어 플러스의 보증 기간은 2022년 8월 18일 까지입니다.
사용 용도 : 유튜브 , 왓챠 , 넷플릭스, 웨이브 등 영상 감상에만 사용하였습니다.",전북 전주시 완산구 효자동1가,1050000,112,"없음, 필름, 풀박스"
158,아이패드 프로4세대 12.9인치 스코코 저반사필름&측면 필름 일괄,"저반사필름은 뜯지도 않은 새상품(11000원)입니다
측면필름은 7000원에 2매 구매해서 쓰고 남은 1매고 액정닦는 것, 먼지제거스티커, 밀대는 안 썼어요(같이 드립니다)

직거래 덕소",경기도 남양주시 와부읍,12500,110,"없음, 새제품"
159,아이패드 프로 4세대 12.9인치 wifi 128gb 스페이스 그레이,"3월달에 구매했고 사용 10번 미만입니다~
별로 쓸 일이 없어서 팝니다~~

집에서만 사용했기때문에 기스 전혀 없습니다^^",경기도 부천시 상3동,980000,100,없음
160,아이패드 프로 4세대 12.9 스페이스 그레이 풀박 (128gb 애케플),"가로수길 애플스토어에서 구매 한 제품이며
애플케어 22년 7월까지 사용 가능.
유튜브 및 필기용으로 사용
구매 뒤 케이스 벗기지 않고 사용하여 
본제품 하자 및 스크래치 없습니다.
랩씨 종이필름 + 케이스 + 애케플 다 드리는 가격입니다.",부산 부산진구 부전제1동,1080000,110,"없음, 애플케이플러스"
161,아이패드 프로 4세대 12.9 512gb wifi 모델 팔아요,"카페에서 맥북 서브모니터로 쓰려고 작년 8월에 구입했구요
코로나 길어지면서 카페도 못가고 거의 집에 놓고 쓰지도 않았습니다(배터리성능 100%
사이클수 45회..집엔 모니터가 있으니..)
스마트폴리오 케이스도 같이 드립니다
액정에 안좋다고 해서 필름은 안붙인상태입니다.
색상은 스페이스 그레이입니다
no 펜슬 no 애플케어에요",서울 중구 필동3가,1150000,100,없음
162,아이패드 프로 4세대 12.9 512gb wifi 스그 팔아용,"카페에서 맥북 서브모니터로 쓰려고 작년 8월에 구입했구요
코로나 길어지면서 카페도 못가고 거의 집에 놓고 쓰지도 않았습니다(배터리성능 100%
사이클수 45회.. 집엔 모니터가 있으니..)
스마트폴리오 케이스도 같이 드립니다
액정에 안좋다고 해서 필름은 안붙인상태입니다.
색상은 스페이스 그레이입니다
no 펜슬 no 애플케어에요",서울 강남구 역삼동,1150000,100,없음
163,아이패드프로 4세대 12.9 128 스페이스그레이 스그,"패드만 판매합니다
올해 1/31구매
2/1 개봉

사자마자 종이질감 필름,
전,후,측면 필름 부착 
케이스 장착 
상태sssssssss
충전기,선 박스 풀세트 (전부 새재품)

갖고싶어서 샀는데 사실 어디에 쓰는지 잘 모르겠고 멜론듣는용도로만 써서 판매합니다

케이스 필요하시면 드리고 필름도 아마 여분 남은거있을텐데 원하시면 챙겨드릴게요

필요하신분 있으시면 상태좋은 아이패드 가져가세요",경기도 김포시 고촌읍,1050000,115,"없음, 필름, 새제품"
164,아이패드 프로 4세대 12.9인치 256g,"아이패드 프로 4세대 팝니다

애케플 펜슬까지 가입 되어있구요 23년 3월까지입니다

케이스는 라이노 케이스입니다 약간 찍힘 존재합니다

액정보호필름은 필기할때 거슬려가지고 없습니다

구성품은 아이패드 애플펜슬 케이스 입니다

네고는 받지 않습니다",부산 북구 금곡동,1350000,100,없음
165,아이패드 프로 4세대 256판매해요!(12.9),"아이패드  프로 4세대 256 와파 모델 판매합니다!
(12.9모델)
박풀에 케이스 하나 덤으로 드립니다!

사자마자 종이 보호필름 부착, 테두리에 보호필름 부착 해서 깨긋합니다!

애케플 있도 22년 9월까지입니다!

가격은 120만원입니다!

이유 있는 네고 가능 하며, 터무니없는 네고는

답장 하지않겠습니다!",경남 김해시 장유동,1200000,130,"없음, 필름, 필름, 256, 256"
166,아이패드 프로 4세대 12.9 256기가 셀룰러 팝니다 (배터리 싸이클 9 ),"구성품은 풀박입니다 (충전기, 충전선) . 케이스는 없어요~~ 
리퍼만료일은 21년11월6일 까지 입니다
동영상만 가끔 본거라 배터리 사이클 9 밖에 안됩니다 (첨부사진 참조)
잔기스 하나 없어요~~
107만원입니다",제주 제주시 애월읍,1070000,107,"없음, 풀박스"
167,아이패드 프로 4세대 12.9인치 128gb,"아이패드 프로 4세대 12.9인치 128gb 모델 판매합니다. 하자 없습니다. 풀박스이지만 케이블과 충전기는 사용감 있습니다.  애캐플 내년 6월까지입니다. 사자마자 케이스 끼우고 사용하여 잔기스 없습니다. 강남,동대문 직거래 가능합니다. 010-6523-오일팔공",서울 강남구 도곡동,1000000,95,"없음, 생활흔적"
168,아이패드 프로 4세대 12.9 512 gb 셀룰러 (애케플 o),"안녕하세요 작년에 구매하였던 아이패드 프로 4세대 12.9 , 512 셀룰러 버전입니다. 

본 아이패드는 애플케어플러스가 가입 되어 있으며 22년 5월 1일까지 두번의 우발적인 손상에 대하여 50000원으로 새로운 서비스 제품으로 교환 받으실 수 있습니다.

해당 제품 구입 시에 두번의 환불 절차를 거쳐 꼼꼼히 양품을 확인하였으며, 넉넉한 용량의 512 gb ,  wifi에 구애받지 않는 셀룰러 버전으로 어디서든 가볍게 사용하실 수 있는 큰 장점이 있습니다. 

많은 문의 부탁드립니다. ^^",강원도 춘천시 효자동,1400000,135,"없음, 셀룰러, 512"
169,아이패드 프로4세대12.9 스그 셀룰러 풀박스❗️(거의새것),"아이패드 가장 화면 큰 모델이에요 ㅎㅎ
원가가 150만원이고 공홈에서 원가로 구매한 제품이에요.! 5세대가 곧 나온다해서 상태에비해 가격싸게 올려요:) 테스트는 이것저것 다 해봤는데 양품입니당

2월부터사용했는데(약 4개월!!) 아이패드가 하나 더있어서 손이 잘 안가서 판매해요.
사용을 거의 안해서 기스x흠집x 등 전혀없는 완전 ss급이고 거의 새거라 새거처럼 사용하실수 있으세용!ㅎㅎ
뒤에 영어로 이니셜두글자가 각인돼있는데 작고 희미해서 사용하는데는 전혀 신경은안쓰여요!

사진엔 안찍어뒀는데 풀박스입니다❗️
정품 어댑터/ 충전기 있어요.
현재 종이질감필름 부착돼있고 구매하시면 ✔️폴리오케이스2개랑 저반사필름 새것 함께 드려요!ㅎㅎ",전남 순천시 장천동,1150000,119,"없음, 필름, 최상급, 새제품, 풀박스, 각인"
170,아이패드프로 4 12.9 lte 팝니다.,"아이패드프로4 12.9 lte 128g 팝니다. 
디스플레이 강화유리 카메라 보호 필름 붙여 놔서 기스하나 없이 완벽합니다. 

케이스는 그냥 드립니다. 
109만원. 미금역 양재역 광화문역 직거래 합니다. 
펜슬은 안팝니다.  

절충가능합니다. 

문자 주세요.",경기도 용인시 수지구 고기동,1090000,105,"없음, 필름"
171,아이패드 프로 4세대 12.9 512gb wifi 모델 팔아요,"카페에서 맥북 서브모니터로 쓰려고 작년 8월에 구입했구요
코로나 길어지면서 카페도 못가고 거의 집에 놓고 쓰지도 않았습니다(배터리성능 100%
사이클수 45회.. 집엔 모니터가 있으니..)
스마트폴리오 케이스도 같이 드립니다
액정에 안좋다고 해서 필름은 안붙인상태입니다.
색상은 스페이스 그레이입니다
no 펜슬 no 애플케어에요",서울 서초구 잠원동,1150000,100,없음
172,아이패드프로4세대12.9셀룰러256g,"왓챠 유투브만 보다가
맥북구입후 
사용빈도가 적어 판매합니다.

3사 통신사 데이터 쉐어링
사용 가능합니다

풀박스s급
상태 최상입니다 

색상실버

초기화 완료

가격이 높은 기기다 보니 직거래 희망합니다
시흥 안산 가능",경기도 안산시 단원구 고잔동,1300000,107,"없음, 최상급"
173,아이패드프로 4세대 512g 12.9인치 셀룰러 미개봉,아이패드프로 4세대 512g 12.9인치 셀룰러 국내정품 미개봉입니다. 비닐포장 되어있어요,경기도 고양시 덕양구 동산동,1350000,145,"없음, 미개봉, 셀룰러, 512"
174,(가격내림)애플 아이패드 프로 4세대 12.9형 wifi 128g,"미개봉 새상품 입니다.
색상은 스페이스그레이 입니다.",경북 구미시 임은동,1000000,120,"없음, 미개봉, 새제품"
175,아이패드 프로4 12.9 512g,"말레이시아에서 구매한 겁니다. 카메라 무음시 소리 안 나는 버전 입니다. 찍힘 2개 있습니다. 애플 캐어 플러스 가입되있고 22년 11월 까지 입니다. 
보호필름 붙여있습니다. 약간 벌어져 있는 로지텍 키보드 케이스 포함 입니다. 말레이시아에서  구매하여서 이곳에서 as는 안됩니다. 

아이패드 프로4 12.9 512g 애플케어 플러스
로지택 키보드 케이스 
박스 x
충전선 없으시면 쓰고 잇는거 드릴게요. 정품인지 아닌지는 모르겠습니다.",경기도 안양시 동안구 비산2동,1300000,118,"없음, 필름, 512, 기스"
176,미개봉) 아이패드 프로4 12.9 스코코 종이질감필름+힐링쉴드 후면 외부보호필름,미개봉 새거 집앞까지오셔야합니다 빠르게 판매합니다,광주 광산구 첨단1동,7000,120,"없음, 미개봉, 새제품"
177,아이패드 프로 4세대 512g wifi 스페이스그레이(리퍼:22년03월20일),"안녕하세요
직장을 구해서 3월 말에 충동구매를 했는데 쓰지도 않고.. 방치하다가... 팔아야겠다는 생각이 들어서 판매합니다ㅎㅎ
외부 보호 필름, 화면 보호필름 부착했습니다.
제한보증(리퍼) 22년 3월 20일입니다",경기도 광명시 소하1동,1450000,105,"없음, 필름"
178,아이패드프로 4세대 12.9 미개봉 판매합니다,"아이패드프로 4세대 12.9인치
스페이스그레이
128g wifi모델
미개봉 제품 판매합니다.

​애플코리아 정품이며 제조년월 21년 2월입니다
(지난 주 수령한 제품입니다)

​야심차게 구매했지만 내부 반발이 심해 눈물을 머금고 처분하려합니다

성동구 상왕십리역 인근 직거래 가능하며
차량으로 오시면 별도 위치 안내해드립니다

사양 등 꼼꼼히 읽어주시고 연락주세요",서울 성동구 왕십리도선동,1090000,110,"없음, 미개봉"
179,(미개봉) 아이 패드 프로 4 세대 12.9 셀룰러 128gb 실버 판매합니다,new ipad pro 128gb 12.9 wi-fi + cellular,경북 성주군 성주읍,1230000,115,"없음, 셀룰러"
180,아이패드  프로4세대 12.9 128기가 스그,"사용감 미세한 기스 두개 빼고 깨끗합니다~~  화면은 보호필름 계속 붙여놔소 보호필름 제거하면 깨끗합니다 ㅎㅎ
받았던 구성품 그대로 팔아용 충전기랑 케이블도 있습니다 ㅎㅎ아직 초기화안했는데 초기화해서 드려요!!",인천 연수구 송도동,900000,105,"없음, 필름"
181,"아이패드 프로 4세대 12.9인치 , 1tb  wifi","- 아이패드 프로 4세대 12.9인치 , 1tb

- 그래픽 작업용으로 구매했으나 회사에서 장비를 지원해줘서 한동안 아이 교육용으로 쓰다가 교육용 컴이 생겨서 보관하다가 판매합니다
- 힐링쉴드 보호필름 (3만원) 부착
- 보호커버(3만원 가량)두 별도루 장착해서 집에서만 사용
박스풀입니다
​
 신봉동 , 성복동 직거래 가능합니다",경기도 용인시 수지구 신봉동,1350000,135,"없음, 필름, 1tb"
182,ipad pro 4 12.9 wifi,"ipad pro 4 12.9 wifi 판매합니다

구매 후 바로 케이스와 보호 글라스를 부착해서 기스 등 재품에는 별 문제 없습니다

문자로도 연락 가능하며 거래는 간석 레미안 자이 아파트 인근에서 가능합니다

0|0 44ㅇ6 4|68",인천 남동구 간석동,940000,105,"없음, 필름"
183,아이패드 프로4세대 12.9인치 128기가 와이파이,"사용감 별로 없어요 ~ 화면 더러운게 아니라 종이 필름 붙여둬서 그래요 ~ 상태 너무 좋고 찍힘 하나 없고 애케플 안들었어요 그거 감안해서 좀 저렴하게 올림요 .. 갖으러 오셔야하고 박스 있었는데 ㅜㅜ 이사하면서 다 놔두고 왔나봐요 .. 펜슬 2세대 입니당 케이스도 같이 드려여 


*중고상품상 교환 환불 불가하니 충분히 고민후 연락 주세요",경기도 안양시 만안구 안양2동,1050000,115,"없음, 필름, 애플케이플러스"
184,아이패드 프로 4세대 12.9인치 강화유리 필름,1장이에요,대구 수성구 수성동4가,5000,100,없음
185,필름 + 아이패드 프로 4세대 12.9인치 스마트 키보트 폴리오 판매합니다!,"2월달에 정가로 직접 매장가서 12.9인치 모델을 구매하면서 같이 구매했었는데 11인치로 모델을 변경하게 되어서 판매합니다!

종이질감 또는 저반사 필름까지 같이 드릴게요!

구입하고 두번밖에 사용하지 않아 정말 새제품입니다 네고 가능해요!",전북 전주시 완산구 효자동2가,160000,110,"없음, 새제품"
186,아이패드 프로 4세대 12.9 스그 lte 128g(+애캐플),"구입일자 : 20년 5월 경에 주문한 아이패드이지만, 21년 2월 20일 즈음 기기 자체 문제로 애플 측에서 무상으로 새 제품으로 교환해준 패드입니다. (배터리 사이클 : 41)

 상태 : 애플케어는 22년 5월까지이며, 평소 공부할 때 이외에는 전혀 사용하지않기에 기스나 흠집 전혀 없는 새 제품이라고 보셔도 됩니다.
 
 구성 : 패드 풀박스 구성이며, esr 케이스(2가지) , 라이노 케이스, 기본 케이스 이렇게 같이 드리겠습니다.
 
 희망 거래일자 : 6월 2일

직거래는 뱅뱅사거리 혹은 강남역 근처입니다.",서울 강남구 도곡동,1030000,110,"없음, 새제품"
187,아이패드 프로3세대나 프로4세대 삽니다 12.9인치,"256gb

와이파이도 괜챦고, 셀룰러면 더좋아요

오늘 당장 거래가능",부산 남구 용당동,800000,125,"없음, 셀룰러, 256"
188,아이패드 프로 4세대 12.9 스페이스그레이,아이패드 프로 12.9 4세대 128g 애플케어 애플펜슬 케이스랑 등등 포함해서 140에 판매합니다 기스 하나도 없고 종이질감필름 붙어있습니다 이걸로 넷플보면 대박 행복해여 화면 크고 스피커 4개나 달려서 걍 체고임,세종시  조치원읍,1283000,105,"없음, 필름"
189,아이패드 프로4세대 12.9 셀룰러 256g 애케플0,"아이패드 프로4세대 12.9인치 판매합니다.
wifi + 셀룰러, 256기가, 스페이스 그레이
애플케어플러스 가입 ㅇ
(2022년 9월 11일까지)

외관상태 휨이나 기스같은 하자 전혀 없습니다!
내부성능도 사진의 측정표와 같이 배터리 라이프100%입니다.

인강용도로 구입했는데, 막상 노트북을 주로 사용하게 되어 판매합니다.

직거래 금호동 만호초등학교, 쌍용예가아파트에서 가능합니다.

택배거래는 기기 하자의 경우를 제외하고는 노리턴 조건으로 가능합니다. 

안전거래 원하시면 네이버 중고나라로 페이지 만들어 올리겠습니다. 구매자 분이 직접 네이버 중고나라 검색해서 들어오실 수 있게 하겠습니다.
(사기방지)

원하시는 부분의 사진이 필요하시면 말씀해주세요~
보내드리겠습니다.",광주 서구 금호동,1150000,135,"없음, 애플케이플러스, 셀룰러, 256"
190,아이패드 프로 4세대 128기가 sss급 스페이스그레이,"집 안 실내에서 영상 시청용으로만 간간히 사용하던 제품이라 상태가 새상품과 다름없으며 힐링쉴드 가장 고가라인 필름으로 제품 구매하자마자 앞•뒤 붙여서 그 흔한 생활기스, 하자 없습니다. 구성품은 제품박스랑 esr 스마트 케이스 (거치기능포함)까지 같이 드릴거고 제조년월은 20년도 8월입니다. 상태 굉장히 자부하며 믿고 구매하셔도 좋으며 애플스토어 가로수길에서 구입한 제품입니다. 에누리 문의는 받지 않겠습니다. 미개봉 새상품 수준입니다.",서울 양천구 신정2동,990000,120,"없음, 미개봉, 새제품"
191,아이패드 프로 4세대 12.9 256 애케플 (-23.1.28),"1월 28일에 148만원 정도 들어 구매했던 아이패드 프로 4세대 12.9 256모델입니다. 
프로와 애케플 가격하면 144정도에 구매했고
케이안 종이질감필름(여분 1개)과 라이노 케이스
있습니다!

120에 용산역 직거래하고 싶습니다!",서울 용산구 한강로3가,1200000,120,"없음, 애플케이플러스, 256"
192,아이패드프로 4세대 512 셀룰러 실버 미개봉자급제,인터넷 최저가 170입니다,경기도 용인시 기흥구 신갈동,1280000,100,없음
193,애플 아이패드 프로4세대 12.9인치 128gb 실버 새제품 팝니다 (미개봉상태),"비닐도 안뜯은 완전 새제품 입니다

가격네고 연락은 차단합니다",대전 서구 변동,1010000,110,"없음, 새제품"
194,아이패드프로4 12.9인치 256기가 와이파이+애플케어플러스,"아이패드프로4 12.9인치 256기가 와이파이입니다.
색상은 스페이스 그레이이구요.
애플케어플러스 내년 5월까지이며 한번도 사용하지 않았습니다. 
애지중지 사용하여 상태도 흠집없이 깨끗합니다. 사용하던 케이스 같이 드립니다.",제주 제주시 도련일동,1100000,110,"없음, 256"
195,아이패드 프로 4세대 스페이스그레이 12.9형 128gb,"집에서만 강의 듣는 용도로 조금 사용했어요.
상태는 그냥 새것이라고 보시면 됩니다.
일괄 판매 합니다.",강원도 속초시 조양동,1250000,110,"없음, 새제품"
196,애플 아이패드 프로 4세대 12.9 풀박스,"애플 아이패드 프로 12.9 와이파이 128기가 스페이스그레이

제조년월 20년 11월이구 배터리효율 100%이구 사이클 횟수는 10회로 정말 얼마 사용 안했습니다 
리퍼 22년 3월까지 남아있구요 
상태 찍힘 기스 전혀없고 종이필름 붙어있어요
구성 풀박스입니다 번개페이됩니다",대전 중구 은행동,990000,122,"없음, 필름, 리퍼기간, 풀박스, 미사용"
197,아이패드 프로 4세대 12.9,"128g  와이파이용
사용 거의 안했어요
생활기스 없어요  펜도 드려요",대구 동구 도동,1100000,100,없음
198,아이패드 프로 4세대 12.9인치 셀룰러,"아이패드 프로 4세대 12.9 인치 셀룰러 128기가 모델 팝니다 구매는 2020년 6월에 구매 하였고 배터리 효율 100프로 입니다 사진 처럼 에케플 적용 되어 있습니다 사용을 거의 안해서 상태 매우 좋고 기스 일체 없습니다
네고는 죄송하구요 많이 연락 주세요 !!",부산 동래구 명장동,1200000,130,"없음, 셀룰러, 셀룰러"
199,(미개봉) 아이패드 프로 4세대 12.9인치 256기가 스페이스그레이,아이패드프로 4세대 12.9인치 256기가 스페이스 그레이 미개봉 상품이에요~ 와이파이 제품,서울 서대문구 충정로3가,1190000,120,"없음, 미개봉, 256"
200,아이패드 프로4세대 12.9인치 256g 셀룰러 스페이스그레이 애플케어플러스o 추가구성품 팝니다.,"작년 10월초에 구매했구요 애플케어플러스 3개월시점에 애플케어플러스 되있어서 2023년4월까지 되있습니다. 상태 거의안써서 새것같습니다. 살때 180넘게주고 샀는데 몇번 쓰지도 않고.. 손해가 막심하네요.. 사놓고 저한텐 쓸일이 없어서 별로 안썼네요. 구성품은 본체박스셋+로지텍k380 키보드 페블 마우스, 케이스, 파우치(차콜) 입니다. 구성품만 다해도 10만원 넘어가네요. 다해서 145에 팝니다. 팔리면 글 지웁니다.",부산 남구 용호제1동,1450000,127,"없음, 새제품, 애플케이플러스, 풀박스"
201,아이패드 프로 4세대 12.9 256gb,"셀룰러 가능하고 사용한거 몇번안됩니다 동영상 몇번 본거 빼곤 없어요 생활 절대 없고 상태 엄청 좋습니다 급쳐하느거라서 선제시까지 받을수있습니다 연락주세요 쿨거시 90까지 가능합니다 오늘 안으로 빠른 급쳐 하고싶네요 ㅠㅠㅠ 돈이 급해서 ,,",제주 서귀포시 동홍동,1000000,115,"없음, 셀룰러"
202,아이패드 프로 4세대 12.9인치 256 wifi,"아이패드 프로 4세대 12.9인치 256g 실버 상품입니다..

제조일자는 20년 12월이고 금년 5월초에 구매했습니다..

내부구성품만 확인하고 한번 전원 켜보고 사용은 하지 않은 제품입니다..

필요하신분은 연락주세요 ^^",경기도 성남시 중원구 성남동,1100000,110,"없음, 256"
203,❤️아이패드 프로 4세대 12.9인치❤️128gb wifi 모델 판매합니다,"올해 3월 17일에 수령했습니다.

오자마자 액정 보호 필름 붙여서 기스 하나도 없습니다.

실제 사용 시간은 하루 채 안되어서 판매 합니다.

보시는 것처럼 액정과 기계 자체에 기스 전혀 없고

박스 구성품 또한 뜯지도 않은 상태 그대로 드립니다.^^

(애플케어는 넣지 않은 상태입니다.)


도원동, 상인동, 경북대학교 북문 앞에서

직거래 가능하며 네고는 죄송하지만 사양하겠습니다.^^

추가 문의는 언제든 환영입니다!",대구 달서구 도원동,995000,105,"없음, 필름"
204,아이패드프로4 와이파이 12.9 스페이스그레이 128기가,"무상보증 6개월 남음
배터리효율 100% 및 싸이클 10회가량(사용빈도 극히적음)
휨,찍힘 등 외관상 하자 x
충전기 및 박스 풀 구성

팝니다",부산 금정구 장전동,950000,105,"없음, 리퍼기간"
205,(가격내림)아이패드프로4세대 12.9 1t,"와이파이
종이필름부착
스페이스그레이
거의 넷플릭스용으로 사용",인천 서구 당하동,1450000,105,"없음, 필름"
206,아이패드프로 4세대 12.9인치 128gb wifi 거의 새제품 팝니다.,"업무때문에 구매하였다가 개인 사정으로 인해 판매합니다.
충전사이클 4회로 사용을 거의 하지 않은 완전 새 제품이라고 보셔도 됩니다.
3월 말에 구매하였으며 애플케어 가입일이 최근에 끝나 가입 불가합니다(첫 구매 후 60일 이내).
가격은 고정이며 안전 거래를 위해 직거래를 원합니다.
연락주세요.",서울 강서구 내발산동,950000,115,"없음, 새제품, 애플케이플러스, 에플케어x"
207,아이패드 프로 4세대 12.9 셀룰러 256기가 실버 (애캐플),"공홈 구입한 모델입니다. 
정상해지 상태로
애캐플 남은 기간은 22년 5월 2일 까지로 미사용입니다.

뒷면에 날짜 각인이 되어있어 싸게 판매합니다.
(추후 애캐플 사용시 어차피 각인 삭제됨)
<네고불가>",울산 남구 수암동,990000,95,"없음, 미사용, 각인"
208,아이패드프로4세대 12.9인치 셀룰러 128기가 판매합니다,"이패드프로4세대 12.9인치 셀룰러 128기가 판매합니다

구입후 11인치로 기변하여 사용감 아예없는 극상입니다.
배터리도 완충후 사용하지 않아 100프로
데이터 나눠쓰기로 핫스팟이나 와이파이없이 정말 쾌적하게 사용가능합니다
방탄고릴라 액정5만원상당 부착점에서 교체하엿고
상태는 정말 s급입니다

셀룰러로 구입하여 비싸게 주고 구입햇습니다
아시는분은 아실거예요 와이파이버전보다 비싸요!!!!
보증기간 아직 남아잇고, 꼭 필요하신분께 판매하려고 합니다

아 네고문의는 죄송합니다
기변해서 출혈이커요ㅠ정말쿨거래 소정의 네고굿
펜슬추가시 13만원 페어링만 해봄요

직거래위주로 판매 예정이며 지역은 용인,분당,수원
조율가능 합니다

부득이 하신분은 택배거래도 하지만 지양하지는 않아요
010-4294-7550 구입하실분은 당근톡이나 저나 주세여",경기도 용인시 기흥구 중동,1050000,127,"없음, 최상급, 리퍼기간, 셀룰러"
209,아이패드프로 4세대 12.9 셀룰러 128g 미개봉,"아이패드프로 4세대 12.9 셀룰러 제품.
128g 미개봉입니다.
스페이스 그레이색상.
백화점 애플샵서 구입",울산 남구 삼산동,1250000,125,"없음, 미개봉, 셀룰러"
210,"아이패드 프로 4세대 12.9인치 128g, 애케플 판매합니다","2020년 6월 구매한 제품입니다 애플펜슬2세대 뷰씨 케이스 강화유리 포함이며 애플케어플러스 가입되어있어 패드,펜슬 모두 2022년 6월까지 보증이며 1년에 2회 패드는 5만원, 펜슬은 25000원 부담시 애플정식 센터에서 리퍼가능합니다

직거래만 할 생각입니다 케어플러스로 상태는 의미없다고 생각되지만 본체에 기스하나없습니다 직접 물건보시고 크 기스 있으면 리퍼비용 5만원 빼드리겠습니다 연락주세요",대구 동구 신천3동,1200000,115,"없음, 리퍼기간, 애플케이플러스"
211,2020년형apple 아이패드 프로 4세대 12.9형 wifi + 셀룰러 512g,"2020년형apple 아이패드 프로 4세대 12.9형 wifi + 셀룰러 512g

미개봉 새제품 입니다
인터넷 최저가 1,716,000원 입니다
기존 사용하시던 통신 3사 유심기변 하시면 됩니다",인천 부평구 부평동,1490000,155,"없음, 미개봉, 새제품, 셀룰러, 512"
212,아이패드프로4세대 12.9인치 512 셀룰러 미사용 팝니다.,"리퍼기간은 2022년 4월 21일입니다.
1년 그대로 남았습니다
오늘 리퍼기간때문에 동기화만 시켜놓고
사용하지 않은 새제품입니다.
kt 가개통 제품이며 유심기변으로 사용가능합니다
가격은 125만원이며 직거래지역은 서구 중리동 입니다.",대구 서구 중리동,1250000,110,"없음, 새제품"
213,아이패드 프로4세대 12.9인치 256 셀룰러,"20년 5월에 구매했으니 딱 1년 됐네요.
주로 집에서 영상 시청했으며
기스나 하자 없고 풀박입니다.
종이질감 필름 붙여놨고
사용하던 케이스도 같이 드립니다 ^^

(애플펜슬은 팔려서 패드만 팝니다.
가격 내렸어요^^)",서울 관악구 신림동,1300000,112,"없음, 필름, 풀박스"
214,[신품급] 아이패드 프로 4세대 12.9 128gb 스페이스그레이 색상팝니다,"아이패드 프로4세대 12.9 wifi 128gb 스페이스그레이

올해 1월달에 구매했습니다 
박스 충전기 케이블 커버케이스까지 드려요
상태는 구매후 액정보호필름 붙이고커버케이스 착용하고 사용해서 찍힘이나 생활기스 없이 매우 깨끗합니다
거래는 간석역에서 직거래 가능하고요
궁금하신거나 구매의향 있으신분들 쪽지주세요",인천 미추홀구 주안6동,950000,100,없음
215,아이패드프로4세대 12.9인치 셀룰러 256기가,"본체에는 기스나 찍힘없는 s급 컨디션입니다.
처음살때 있던 기본구성품과 제품박스 보유중입니다.
보증기간(as) 22년1월9일까지로 충분합니다.
교환받지않으며 에눌관련 문의 답장하지 않습니다.",서울 마포구 상수동,1150000,112,"없음, 최상급, 리퍼기간"
216,아이패드 프로 4세대 12.9인치 wifi 256기가 ss급,"기스 하나도 없고 휘어짐 없는 ss급 풀박스 입니다
충전기는 사용감 있습니다
리퍼기간 7월 27일까지입니다",전남 순천시 중앙동,950000,109,"없음, 최상급, 풀박스, 생활흔적"
217,아이패드프로4세대 12.9인치 128gb wifi팝니다,"업무때문에 구매하였다가 개인 사정으로 인해 판매합니다.
충전사이클 4회로 사용을 거의 하지 않은 제품입니다.
빨리 구매하시면 애플케어 가입도 가능합니다(5월 24일까지).
가격은 고정이며 안전 거래를 위해 직거래를 원합니다.
연락주세요.",서울 용산구 용산동5가,950000,110,"없음, 애플케이플러스"
218,아이패드 프로 4세대 12.9 / 128gb + 애플케어플러스,"프리스비에서 20년 10월에 구매한 제품이구요,
와이파이 모델입니다.
애플케어플러스 만료일 22년 10월 입니다.

라이노 클리어 쉴드 케이스도 같이 드려요

패드에 기스 하나도없고, 박스도 다 드립니다. 채팅주세요

역곡역이나 역 근처에서 직거래 원합니다.",경기도 부천시 역곡3동,1100000,100,없음
219,아이패드 프로 4세대 128g 12.9인치 와이파이 판매합니다.,"⭐️⭐️⭐️급처⭐️⭐️⭐️
작년 9월에 구매한 아이패드 프로 4세대 128기가 12.9인치 와이파이 모델 판매합니다! 케이스는 있는데 스크래치가 있어서 원하시는 분만 드릴게요! 
사고는 거의 가지고 나간 적 없고 집에서 케이스 씌우고 영상 본 게 다여서 상태 sss급입니다!
직거래 시청역에서 원합니다~ 교환은 안합니다!",부산 연제구 연산동,980000,107,"없음, 최상급"
220,아이패드 프로 4세대 12.9 128g wifi 판매합니다,아이패드 프로 4세대 12.9 128g wifi 판매합니다. 작년 9월에 구매했고 구매한 후 집에서 유투브 보는 정도만 사용해서 깨끗한 상태입니다. 케이스 계속 끼우고 있었어서 상태는 sss급입니다. 직거래 및 택배도 가능합니다. 챗 주세요~ 교환은 안합니다!,경북 포항시 북구 죽도동,980000,107,"없음, 최상급"
221,오늘만 이 가격 s급 아이패드 프로 4세대 12.9 스페이스 그레이 풀박,"오늘만 이 가격에 드립니다. 안팔리면 업체에 넘기려고요.

작년 7월 구매하여 바로 스코코 종이질감 필름과 힐링쉴드 측면, 카메라 보호 필름까지 붙여서 애지중지사용해온 아이패드 프로 4세대 입니다. 당연히 기스 및 하자 없고요 많이 사용하지 않아 배터리 효율도 새제품이나 다름없습니다. 

라이노 케이스 포함한 풀박스 세트일체입니다.

판매자 신용도는 확인해보시면 알 수 있습니다.
창현리 및 마석에서 직거래 합니다.
반품 환불 불가합니다.

사진상의 애플펜슬은 제외입니다

제품구성

아이패드 프로 4세대 12.9인치 128gb wifi 스페이스그레이
라이노 케이스",경기도 남양주시 화도읍,970000,115,"없음, 필름, 새제품"
222,아이패드 프로 4세대 12.9  256기가 셀룰러 스페이스그레이 판매합니다(가격내림),"작년 9월달에 구매했습니다(애플케어x)
구매하시면 슈피겐 케이스도 같이 드립니다
실사용은 많지 않습니다
직거래는 화서역 5번출고에서 하겠습니다 
문의사항 있으면 채팅 주세요
환불반품불가",경기도 수원시 팔달구 화서동,1100000,95,"없음, 에플케어x"
223,아이패드 프로4세대 128기가 wifi 애플케어플러스,"깨끗하게 사용했습니다 
애캐플 가입되어있어서 향후 일년동안 서비스센터가셔서 오만원 추가금 내고 새제품으로 교환가능합니다.",경기도 수원시 장안구 천천동,1190000,120,"없음, 새제품, 애플케이플러스"
224,아이패드 프로4 12.9 128gb,"아이패드 프로4 12.9인치 128gb wi-fi 모델
판매합니다.
주식 차트,유튜브 활용도로 구매했는데
잘 활용하지 못하고 방치만 두어서 아까워서
판매합니다. 사진보시다시피 완전 그냥 새상품으로
생각하시면 되구요! 
직거래로 거래원하고 하자있으면 
그자리에서 100% 환불 수고비까지 드립니다.

그만큼 상태에 자신있구요 스마트 케이스도 같이 드립니다. (종이질감 저반사 지문방지 필름입니다.)
+케이스 여닫을때 자동으로 화면 켜지고 잠김 기능
+풀박스 제품이며 구성품 다있습니다. 
(구매한지 2개월밖에 안되고 실사용 한달채 안됨)
-애케플은 가입되어있지않구요 3달이내 가입가능한데 아직 3개월이 지나지않아서 따로 가입원하는분들은 가입하시고 쓰면됩니다.",충북 청주시 흥덕구 강서제1동,1000000,127,"없음, 새제품, 애플케이플러스, 풀박스"
225,아이패드 프로 4세대 12.9 256gb + 애플 2세대 (양평),"- 전자기기는 자동차와 같아서 겉이 깨뜻해보여도 사용을 많이하면 닳습니다. (자동차 엔진이나 비트코인 채굴기와 같다고 보시면 됩니다.)
- 구매 하자마자 회사에서 맥북지원이 들어와 4번 사용했습니다.
- 제품 보증기간 남아 있습니다. (마지막사진)
- 기스나 사용 흔적이 없습니다.
- wifi 전용입니다.
- 애플스토어에서 구매했습니다.
- 별도로 쿠팡에서 구매한 폴리오케이스와 액정보호필름 2장도 건네 드립니다.
- 처음 구매시 포장되어 있는 제품 박스도 깨끗합니다.
- 이니셜 각인도 없습니다.",경기도 양평군 양서면,1400000,105,"없음, 리퍼기간"
226,아이패드프로4세대 12.9인치 128g wifi모델/로지텍슬림폴리오프로,"아이패드 프로 4세대 12.9인치 128g wifi모델과 로지텍 슬림폴리오 프로입니다.

아이패드는 작년 11월에 구매했습니다. 강의 시청과 공부 목적으로 구매했는데 자주 사용하지않게 돼서 판매하게됐습니다. 강의 시청 위주로 사용해서 가지고 외출을 하거나 외부 노출을 하지않아서 사용감은 거의 없고 생활기스조차 찾기 힘든 액정보호필름만 붙어있는 s급입니다.

로지텍슬림폴리오프로는 아이패드를 구매할 때 같이 구매해서 사용했고 키보드케이스 형태입니다. 이 제품 역시 사용감은 거의 없으며 자판이나 고장없는 양품입니다.

구매하시는 분께는 여분으로 가지고있던 필름도 같이 드리겠습니다. 물건이 물건인지라 직거래를 희망하고 택배로 받길 원하시는 분께서는 택배비는 따로 주셔야하고 입금확인 후 물품 배송예정이라는 것만 알아주시면 감사할 것 같습니다. 웬만하면 개별판매는 하지않을 생각이며 네고 또는 문의 사항은 연락남겨주시면 최대한 빠르게 답장드리겠습니다.",서울 성북구 석관동,1100000,112,"없음, 필름, 최상급"
227,아이패드풀박스 프로 4세대 12.9인치 128기가 와이파이 스그,애플 아이패드 4세대 12.9인치 128기가 와이파이 스페이스 그레이입니다!,서울 강남구 삼성1동,1030000,100,없음
228,아이패드 프로 4세대 12.9인치 스그 와이파이 128 판매,"상태:a
구성: 상자 + 케이스 + 본체 (필름 부착)

아이패드 구매 후 막상 사용이 없어 판매하려해요~",서울 강동구 길동,980000,105,"없음, 필름"
229,아이패드 프로 4세대 12.9형 512gb wifi (미개봉/21년3월제조),"아이패드 프로 12.9형 512gb wifi 완전 새제품입니다. (스페이스 그레이 색상)

네이버온라인최저가(5월27일기준, 첨부 사진) 1,663,200원인 제품입니다.

제조년월 21년3월 신품이며 포장도 뜯지않았습니다. 
기존 사용제품이 있어 판매하게 되었습니다. 상태나 스펙 사진 참고하시기 바랍니다. 

* 거래는 도곡동 한티역과 용산 근처 가능
* 완전새제품이며 스펙은 윗글 및 사진 참고하시면되니 제품 및 가격 네고는 정중히 사양합니다. 환불도 불가하니 양해 바랍니다.",서울 강남구 도곡2동,1190000,130,"없음, 새제품, 512"
230,아이패드프로4세대12.9 구합니다,아이패드프로4세대12.9 + 애플펜슬 같이해서 90만원에 파실분 톡주세요,울산 남구 삼산동,900000,100,없음
231,아이패드 풀박스 프로4세대 12.9 128기가 와이파이 스그,애플 아이패드 프로 4세대 12.9 와이파이 스그 128기가팝니다!,경기도 군포시 대야미동,1030000,100,없음
232,아이패드프로4  128기가 12.9인치 와이파이,"새상품이예요 ~^^ 
색상은 블랙이예요 ^^",경기도 평택시 동삭동,950000,110,"없음, 새제품"
233,아이패드프로4 12.9 wi-f i 128gb  (21년/3월 구매),"-2021년 3월 8일 쿠팡으로 구매 
- 4월 중순부터 사용 (실 사용 1달) 
- 사자마자 케이스끼고 종이질감필름(산지모루) 붙임 
- 찍힘 잔기스 없음 🤟
- 애플케어플러스 가입 안함 
- 색상 실버 
- 배터리 싸이클 19 
-구로디지털단지 , 광명사거리역 에서 거래 가능
-제품보증 유효기간  2022 3.7 
- 분홍색 케이스와 같이 드림 
-카메라에 기스날까바 스티커 붙임 

부담없이 연락주세요 ☺️",서울 구로구 구로제3동,1000000,95,"없음, 에플케어x"
234,아이패드 프로4세대 12.9인치 256g wifi 스페이스그레이,"-2020.05.31 구입
-전면     5만원 상당 힐링쉴드 종이질감 강화유리 필름
-후면     3만원 상당 esr 기스방지 필름
-케이스  3만원 상당 esr 풀커버 케이스
-모두 사자마자 첫날에 다 부착했습니다.
-기스x 상태 s 자부합니다.

1,050,000 일괄 판매합니다.

ㅡㅡㅡㅡㅡㅡㅡㅡㅡㅡㅡㅡㅡㅡㅡㅡㅡㅡㅡㅡㅡ
+애플펜슬 2세대                       +100,000
+로지텍 k380블루투스 키보드  +20,000
추가로 구입 원하시면 말씀주세요
ㅡㅡㅡㅡㅡㅡㅡㅡㅡㅡㅡㅡㅡㅡㅡㅡㅡㅡㅡㅡㅡ

쿨거하시는분 마지막 쥰내귀여운 파우치 고냥 드려용

지금 무릎이 안좋아서 멀리 나가지 못하는 관계로 집 앞으로 와주셔야합니다ㅜㅡㅠ
광운대역 도보 3분거리 가까워요

거래희망시 주소 드리구 오셔서 제품검수 다 해보시면 될 것 같습니다 :)

궁금하신 점 문의 많이주세용",서울 노원구 월계동,1050000,100,없음
235,아이패드프로4세대 12.9 싸게 팔아요,"아이패드 풀박 드려요 
모서리쪽 흠집조금 있어요 
케이스 필요 하시면 드려요
직거래 합니다",경기도 안성시 공도읍,900000,90,"없음, 파손"
236,(미개봉) 아이패드 프로 4세대 12.9인치 128gb wifi + 4g lte 실버,"안녕하세요. 

아이패드 프로4 12.9인치 128gb 와이파이 + 셀룰러 (4g lte 유심 장착 가능) 모델 판매합니다. 

사진처럼 노란색 박스까지 미개봉인 제품입니다. 

판매 장소에서 직접 노란 박스 개봉해서 보여드립니다. 
(비닐포장된 제품 박스를 개봉하는게 아님)

광안동 수영구보건소 인근 직거래만 합니다. 감사합니다.",부산 수영구 광안동,1080000,125,"없음, 미개봉, 셀룰러"
237,[쿨거래네고가능]아이패드 프로4세대12.9인치,"[쿨거래 네고가능]
[찔러봐주세요]
아이패드 4세대 12.9인치 와이파이 구성품+풀박스 판매합니다.

구매하고 사용을 안해서 판매하고 구성품은,

충전기 미사용
풀박스
힐링쉴드 전면필름1매
애플펜스2세대(강아지가 문 흔적있음)
펜촉 4ps 미사용
로지텍 키보드

하자없으며 관리 너무 잘해서 상태s 흠집x",경기도 고양시 덕양구 관산동,1100000,112,"없음, 풀박스, 미사용"
238,아이패드 프로4 12.9 wifi+셀룰러 제품 판매합니다!,"아이패드 프로 4세대 12.9인치 셀룰러 256gb제품 풀박스 판매합니다!

올해 1월에 구매후 바로 케이스 끼고 사용 하여 기스는 없습니다!
손이 잘 가지 않아 판매할려고 합니다!

보증기간은 2022년 1월 12일까지 입니다!
블루투스 키보드 필요하시면 같이 드릴게요!!

직거래 및 택배거래 가능합니다!
언제든지 연락주세요!",인천 부평구 청천2동,1200000,132,"없음, 풀박스, 셀룰러, 256"
239,아이패드 프로4 12.9인치 128 와이파이 모델 판매합니다,"사진처럼 상태 양호하며 전면에 종이질감 필름 붙여져 있습니다. (예전에 필름을 잘못붙여서 기포가 좀 있으니 떼면 괜찮습니다)
충전기, 케이블 및 사용설명서 등은 미사용으로 비늘 그대로 붙어 있어요.
사용하던 블루투스 키보드와 케이스 같이 드립니다.",충남 천안시 서북구 두정동,950000,110,"없음, 필름, 미사용"
240,아이패드 프로 4세대 12.9 스그 셀룰러 256g 애케플 팝니다,"작년9월구매  
애플케어있습니다 2022 09 06일까지  
풀박스보관중입니다

직거래  춘천 홍천 인제 양양  근처 가능요",강원도 춘천시 동산면,1150000,110,"없음, 애플케이플러스"
241,아이패드 프로4세대 12.9인치 128기가 실버(와이파이용)팝니다.,아이패드프로 4세대 12.9인치 128기가 실버 (와이파이용) 비닐도 안 뜯은 새상품 팝니다.,경기도 남양주시 호평동,1100000,110,"없음, 새제품"
242,아이패드 pro 4세대 12.9인치 128기가,"애플펜슬 2세대 포함 민트급
사두고 쓸일이 없어서 판매해요
케이스 포함입니다.",경북 안동시 태화동,1000000,100,없음
243,아이패드 프로4세대 256g 12.9 판매합니다 거이새제품,"아이패드 프로 4세대 12.9 256g이구요
기스 그런거하나도 없습니다
종이질감 필름 부착되어있습니다
올해 2월에 구매하였고 사용하질않아서 판매합니다 거이새제품입니다

추가로 애플펜슬2세대도 판매합니다
이건 당근케이스도잇구요
펜슬은 구매한지 삼주됏습니다
15만원입니다",충북 청주시 서원구 개신동,1200000,125,"없음, 필름, 새제품, 256"
244,아이패드 프로 4세대 12.9인치 512g 셀룰러 lte 자급제 미개봉 실버 팝니다.,애플펜슬 2세대 미개봉 포함시 141만에 드립니다. 펜슬만 따로 팔진 않아요. 가격제안도 받지 않습니다. 대학동 우체국 직거래 합니다.,서울 관악구 대학동,1280000,110,"없음, 미개봉"
245,아이패드프로 4세대 12.9 풀셋(512),"아이패드(스그)와이파이모델, 매직키보드,팬슬2세대 
풀셋으로 판매합니다
박스나 기타 구성품 다있고 항상 케이스 사용해서 기스나 하자 없습니다 (에플케어 x)
능허대중학교 인근 직거래하고 
안팔리면 알아서 가격 내려요 
네고문의는 무시하고 차단하니 사양하겠습니다",인천 연수구 송도3동 호반베르디움 1차,1700000,102,"없음, 풀박스, 에플케어x"
246,아이패드프로 4세대/128g/실버색상/wifi 신동급,"제목대로 5월3일 분당 프리스비 매장에서 구매한 아이패드 프로4세대 실버색상/128g/wifi 모델과 애플 팬슬 2세대 신동급 
판매합니다.

애플의 감성 및 업무에 사용코자 구매했으나 몇번 메모 및 유튜브 보다가 애플 적응이 안될 것 같아 판매합니다

케이스 씌우고 한번도 벗기지 않아 살기그 조차 없는 거의 새거라 보심 되고요

액정필름 (종이재질)도 붙여져 있고 펜슬 촉도 있고 거진 새거라보셔도 됩니다

구매영수증도 있고 제조일 21년 3월입니다

분당 직거래만 가능~~",경기도 성남시 분당구 이매2동,950000,115,"없음, 필름, 새제품"
247,아이패드 프로 4세대 12.9 팝니다.(wifi 128g),구매한지 4일 됬는데 변심으로 판매합니다.,경남 거제시 수양동,1100000,100,없음
248,(s급)아이패드 프로 4세대 12.9인치 256기가 와이파이,"❌ 사용감 거의 없는 새것과 같습니다 ❌

⭐️개봉하고 사용은 거의 하지 않았고 박스 안 구성품 전부 있습니다. 케이스도 같이 드려요!! 

❌ 네고 , 교환 은 정 중 히 거 절 합 니 다 . ❌",부산 부산진구 범천제1동,1150000,117,"없음, 새제품, 풀박스"
249,아이패드프로4세대 12.9인치 256셀룰러 실버 판매해요 풀박,"셀룰러버젼이구요 풀박입니다!
구매는 20.5월에 구매했구요
리퍼 한번도 안했구 리퍼기간충분해요!
갤탭이 생기다보니 사용빈도 적어서 판매합니다.
애케플 22.07.07까지구요
실버색상이구 상태s급이에요!
스피겐 케이스 끼워져있어요 
다른케이스3만원 정도하는거 같이드려요",광주 동구 황금동,1150000,134,"없음, 최상급, 리퍼기간, 풀박스, 셀룰러"
250,아이패드 프로 4세대 12.9 종이질감 필름 2장,"아이패드 프로 4세대  12.9인치 필름입니다.
종이질감입니다.
몇일전 택배받고 두세트주문 인걸 알았네요.
2장이 한세트 입니다. 
반품 택배비 5000원이라길래 그냥 여기다 싸게 드리는게 이웃끼리 서로 win win인것 같아서 올립니다.
쿨거래 부탁드려요.",경남 창원시 성산구 대방동,19000,100,없음
251,아이패드 프로 4세대 12.9인치 애케플,"매직키보드 아이패드 프로4세대 일괄 판매합니다 
애케플 들어놓았던 상태라 생액정에 다녔습니다 
맘에 안드시면 쓰시다가 리퍼받으시면 되세요",경기도 남양주시 화도읍,1300000,110,"없음, 애플케이플러스"
252,아이패드 프로 4세대 12.9 1t 셀룰러 + 애플케어,"아이패드 프로 4세대 12.9 1t 셀룰러 + 애플케어 + 아이패드 기본 구성품(박스 포함)

사진에는 스페이스그레이라고 써있는데 가격 보여주려고 캡쳐한거구요 제껀 실버에요!

자세한 사항은 문의 주세요",대전 유성구 상대동,1610000,115,"없음, 셀룰러"
253,아이패드 프로 4세대 12.9인치,"아이패드 프로 4세대 12.9인치
128g
스페이스그레이
와이파이

너무 아끼면서 조심히 쓰고 
사놓고 거의 사용하지 않아서
잔기스 조차 없는 깨끗한 제품이에요!
박스에 함께 넣어드립니다
케이안 종이질감 필름 부착된 상태입니다
여분도 하나 있어서 같이 드릴게요! 


필요하신 분들은 연락 부탁드려요!",대구 북구 태전동,1050000,105,"없음, 필름"
254,아이패드 프로 4세대 12.9인치 wifi 256g 미개봉 스페이스그레이,"아이패드 프로 4세대 12.9인치 wifi 모델 스페이스그레이 256g 팝니다.
미개봉 제품이고요 개봉하시고 직접 애플케어플러스 가입가능합니다.
안양에서 직거래도 가능하고 택배 거래도 가능합니다.
편하게 문의주세요.
네고는 안됩니다.",경기도 안양시 만안구 석수1동,1100000,130,"없음, 미개봉, 애플케이플러스, 256"
