,itemname,content,region,price,score,keywords,seoul_ipad
0,아이패드프로 4세대(11형 2세대) wifi 256 스그 새상품,"지난주 구매
미개봉 새상품
약간의 에눌 가능

팬슬 새것 145000

두가지 모두 하면 1120000

m1 교환 가능",전북 익산시 모현동,990000,120,"없음, 미개봉, 새제품",기타지역
1,아이패드 프로 4세대 11인치 128gb wifi,"아이패드 프로4세대 11인치 128gb wifi 모델 입니다

작년 12월쯤에 구매해 유튜브랑 넷플릭스밖에 안 보다보니
돈 준값을 못하는 거 같아서 이렇게 팔게 되었습니다

상태: s급
보증 기간 : 12월 6일
베터리 성능상태 : 100%
구성품 : 내부 구성품랑 스티커 설명서 등등
쇼핑백 까지 모두 있음

직거래 : 서울특별시 광진구 중곡4동 아차산역
(웬만하면 직거래 원합니다)

택포안됨

연락 많이 주세요",서울 광진구 중곡제4동,800000,107,"없음, 최상급",서울 광진구
2,아이패드 프로 4세대 11형 128기가 스페이스그레이,"실사용 거의 x
구입하자마자 힐링쉴드 저반사 필름 붙이고 케이스 끼고다녀서 상태 매우 매우 매우 좋습니다.
유일한 하자가 오른쪽 모서리 부분 쓸린듯한 약간의 찍힘인데 잘 안보여요. 
사진 첨부되어있는 것 봐주시면 됩니다.
그 외의 하자나 기스는 없어요!

박스 구성품 풀박스입니다.
쿨거시 라이노 펜슬 수납 케이스와 
자석부착 케이스 2종 쓰던 것도 같이 드릴게요.

추가 구매 가능

- 애플펜슬 2세대 
- 로지텍 블루투스 키보드 , 마우스 

쿨거시 약간의 에눌 가능하나, 터무니없는 가격제안은 삼가해주세요!",인천 서구 검암동,750000,107,"없음, 풀박스",기타지역
3,아이패드 프로 4세대 11인치(2세대) wifi 256g,"2020년 9월 24일에 창원롯데백화점 윌리스에서
구입한 아이패드 프로 11인치 wifi 256g 입니다.
집에서 유튜브, 넷플릭스만 보는게 
아까워서 내놓습니다. 

집밖으로 나간적이 없는 놈입니다.
모서리부분도 찍힘 없구요~
애플케어도 가입되어 있어서 
맘편히 사용 가능하십니다~
(2022년 9월까지 애플케어)

살때 있던거 박스, 비닐 포장재까지 풀세트 입니다.

사진 보시구요~
걱정없이 구매하셔도 됩니다~
당근으로 연락 주세요~

창원 왠만한 곳이면 제가 갑니다~
커피 한 잔 하시면서 꼼꼼히 확인하고 사세요~
쿨거래 환영~",경남 창원시 의창구 신월동,1000000,120,"없음, 애플케이플러스, 256",기타지역
4,아이패드 프로 4세대(11인치 2세대) 256gb 스그 / 애케플 22/11,"20년 10월 구매 👉🏻 11월 애케플 구매
22년 11월까지 애케플 2번 그대로 남아있고
생활기스, 사용감 전혀 없고 완전 새거다 느낄만큼
고이고이 모셔서 사용했서용🥲

애케플 한참 남아서 어느정도 사용하시다가
애케플로 새기기도 받으실 수 있어용 (2번)


구성은
아이패드 프로 11인치 2세대 (4세대 11인치)
풀박 (충전기포함)
폴리오 케이스 + 저반사필름(현재 부착)
애플 케어 플러스



까치산역 직거래 혹은 택배거래 상관없으나
택배거래시 제품 손상 및 파손 책임 못집니다◡̈",서울 강서구 화곡동,950000,125,"없음, 필름, 새제품, 애플케이플러스",서울 강서구
5,아이패드 프로 4세대 11인치 128gb 와이파이 스페이스그레이 애플케어,"20년 11월 구매후 애플케어 가입
깨끗합니다",서울 강서구 화곡동,850000,100,없음,서울 강서구
6,아이패드프로4세대 11인치 wifi 1tb 새거 팝니다,"아이패드 프로 4세대 11인치 wifi용입니다
용량 1테라바이트 1024gb이고 블랙색상 입니다
21년3월11일 구매한거고
사자마자 액정 강화유리필름 붙여뒀고 
테두리 기스 흠집 1도없고 사용을 하루 살짝만져본게 다이고 실사용 안예 안했다보셔두 될정도입니다
크게 쓸일도없어 그냥두기 아까워 판매하려합니다
상태 그냥새거입니다
박스에 2세대라 표기가 된것은
아이패드 프로는 4세대까지 출시되어있는데
1세대는 9.7 / 12.9 인치   2세대는 10.5 / 12.9인치
3세대는11 / 12.9인치   4세대는 11 / 12.9인치
출시가 된거라 11인치(2세대)라 표기가 되는겁니다

상인롯데백화점 직거래합니다",대구 남구 대명동,1200000,150,"없음, 필름, 새제품, 1tb, 미사용",기타지역
7,s급 아이패드 프로 4세대 11인치 wifi 128,"쿠팡에서 작년 10월 중순경 구매했어요
상태 너무 좋습니다
잔기스 하나 없어요 

카메라 보호액정도 끼웠어요",강원도 원주시 문막읍,810000,100,없음,기타지역
8,아이패드 프로 4세대(11) 128기가 스페이스그레이,"비닐만 뜯었고
상자안에는 미개봉 상품과 동일한 새상품 입니다
배곧 직거래 합니다",경기도 시흥시 배곧동,950000,120,"없음, 미개봉, 새제품",기타지역
9,아이패드 프로 4세대 11인치 lte 128기가 셀룰러 애플케어 22년5월 까지 적용입니다,"2020년5월 구매 집에서만 사용 했습니다.
애플케어 플러스 가입중입니다 22년5월까지
공부하거나 그럴때   와이파이모델도 사용해봤으나 인강이나 들을때 엄청 불편합니다 셀룰러가 좋아요.
스마트폴리오 세거 같이 드립니다. 아이패드 상태는 새상품급입니다. 사진잘찍었으니보세요 
스마트폴리오 포함 1,260,000원 입니다",서울 광진구 구의동,1100000,125,"없음, 새제품, 셀룰러",서울 광진구
10,미개봉🖤아이패드프로 4세대 11인치 256g,"3주전에 가로수길에서 구매 

아이패드 쓰려다가 맥북 급 구매해서 안쓰게 됐습니다 
미개봉
색상 스그 
용량 256g
wifi용입니다 

직거래 왕십리역에서 원해요",서울 성동구 행당동,950000,120,"없음, 미개봉, 256",서울 성동구
11,마지막 파격세일!!ss급 아이패드 프로4세대 셀룰러 11인치 128g 판매합니다,"초ss급!!!
아이패드 프로4세대 11인치
 128g 셀룰러 풀박스
작년 5월에 구매했습니다
구매하자마자 바로 강화유리필름 
옆면 뒷면 보호필름 부착햇구요
범퍼케이스 착용후 집에서 동영상 시청정도만한
완전 새제품급 입니다.
배터리사이클 짱짱 하고 생활기스 잔기스 전혀 없습니다.
가격흥정xx",부산 금정구 장전제3동,830000,137,"없음, 필름, 최상급, 새제품, 셀룰러",기타지역
12,아이패드 프로4 11인치 256gb wifi,"아이패드 프로4세대 11인치 256gb 입니다
구성품, 박스 다 있고 사진 그대로 흠집 기스 하나도 없어요. 

보증기간 21년 6월 2일까지입니다. 

깨끗히 써서 아무 문제없어요!

연락주세요",경북 울진군 북면,790000,117,"없음, 풀박스, 256",기타지역
13,아이패드 프로4세대 11인치 128기가 와이파이 풀박스,"넷플릭스 보는 정도로만 이용했어요
워낙 조심히 쓰는 스타일이라 생활 기스나 액정 스크레치 하나도 없습니다
쿨거래시 약간의 네고 가능합니다",경기도 구리시 인창동,750000,100,없음,기타지역
14,아이패드 프로 4세대 11인치 128gb wifi 스페이스그레이,"맥북으로 넘어갈 예정이라 판매합니다.

3월초 구매 / 보증기간 22년 2월 말
스페이스 그레이 / wifi / 128gb

구성품 : 풀박스

사용 기간 : 2개월 동안 풀케이스 끼고 집에서 인강만 들었습니다. 

기스 하나도 없습니다.

특 a급 입니다.

전면 풀 액정유리 + 뒷면 카메라 보호유리 사용중입니다.",서울 강남구 역삼동,790000,107,"없음, 최상급",서울 강남구
15,아이패드 프로4 11인치 128기가wifi+애캐플,"풀박+케이스 판매(펜슬제외,포함시+10)
액정과 본체에 기스 하나도없습니다
깨끗하게 사용해서 새제품컨디션입니다
5만원내면 리퍼교환가능한 애케플 여태 한번도사용x 내년 5월까지입니다

(마지막 네고 5.31 86만)",경남 진주시 충무공동,860000,110,"없음, 리퍼기간, 새제품, 에플케어x",기타지역
16,아이패드 프로4세대 11인치 스페이스그레이 128g wifi 풀박스,"한달정도 사용 
사용한지 얼마 안되서 기스 흠집 일체없습니다
충전기 케이블 풀박스로 드립니다
애케플은 안돼있습니다
네고문의는 받지않습니다",경남 창원시 의창구 의창동,750000,112,"없음, 애플케이플러스, 풀박스, 에플케어x",기타지역
18,아이패드 프로 4세대 11인치 wifi 128g 스페이스 그레이,"아이패드 프로4세대 11인치 wifi 128g 스페이스 그레이 모델 입니다.
주로 인강이나 동영상 시청으로 사용했습니다.
배터리 효율 100%입니다.
사용시간 엄청 적어요
패드의 측면 상단 부분에 조그만 까짐 있습니다.
생활흔적 미세하게 있음
제한보증기간은 올해 10월 입니다.12월에 새 제품으로 교환 받았습니다.
풀박스에 제가 쓰던 구성품 모두 드립니다.
직거래는 동안구에서 가능하고 중고 특성상 반품안됩니다.",경기도 안양시 동안구 관양동,699000,112,"없음, 새제품, 풀박스, 생활흔적",기타지역
19,아이패드 프로4세대 11인치 256gb 셀룰러 모델,"구매일자 : 2020년 10월1일

구매한 이후로 커버씌우고 계속 사용해서 깔끔합니다. 화면은 종이질감필름 붙여서 사용하고 있습니다. 궁금하신 사항 있으시면 연락주세요~
색상은 스페이스 그레이 입니다.~!",경기도 고양시 덕양구 능곡동,980000,105,"없음, 필름",기타지역
20,아이패드 프로 4세대 11인치 128g,"제가 기능을 다 못써 낮은 사양으로 가기위해 팝니다.
아이패드 프로 4세대 11인치 wifi 128g 색상은 스페이스그레이 입니다
주로 유튜브나 넷플릭스 시청에 썼습니다.무리한 작업no
보증기간은 2021년 10월 중순까지이고,12월에 새제품으로 교환받아 사용기간이 다른 제품들보다 짧습니다.
작은 칠 벗겨짐 한군데랑 미세한 생활흔적 2군데 있어요.
직거래 선호하고, 중고특성상 반품은 어렵습니다.
풀박스이고 필름과 케이스 모두 부착되어 있습니다.(5만원상당)
배터리 효율은 100%입니다",경기도 안양시 동안구 관양동,700000,100,"없음, 필름, 새제품, 파손, 생활흔적",기타지역
21,applecare+] 아이패드 프로 4세대 11인치 wifi,"외관 정말 새거상태고요. 128기가 입니다.
애플케어플러스 가입(169,000원) 했어요.


연락주세요~
직거래용문희망합니다",대전 서구 용문동,790000,110,"없음, 새제품",기타지역
23,아이패드 프로 4세대 (11인치/256gb) 👏🏻,"-아이패드 프로 4세대 
-스페이스그레이
-11인치 / 256gb / wifi
-구매원가: 99880엔 (약 103만원)
작년 11월에 일본에서 구매하였습니다.
인터넷 서핑, 영상 시청 정도로만 사용하였습니다.
구매하자마자 범퍼케이스를 끼워 사용했기 때문에 기스, 찍힘 등 전혀 없이 깨끗합니다.
영종 하늘도시 하나로마트 주변 직거래 희망합니다! 추가 사진 원하시면 채팅으로 드리겠습니다.

*확인하셔야 할 사항
-박스 없습니다.
-애플케어 없습니다.
-충전기 일본 구매 상품이라 220v변환기 끼워 드립니다.(사진 참고해주세요)
-범퍼케이스 함께 드립니다. (필요 없으시면 미리 말씀해주세요.)",인천 중구 중산동,880000,110,"없음, 256",기타지역
24,아이패드 프로4 11인치 셀룰러 512g 스페이스그레이(애플케어) 팝니다,"작년 12월달에 구매해서 쓰다가 
최근에 잘 안쓰게되서 팝니다
애플케어 2월 23일에 가입해놨고 
23년2월23일까지 보증됩니다 
아이패드에 저반사 필름 붙여놨는데 기포가 조금 들어가있어요

케이스끼고 사용해서 정말 미세한 생활 잔기스정도는 있을수 있습니다
밖에 안가지고 나갓어요

케이스는 끼워져있는 투명 케이스 같이 드립니다
아이패드 상자와 정품 충전기 모두 포함입니다

애플케어 양도 원하시면 해드립니다

고가 제품인 만큼 직거래 위주로 거래합니다
직거래는 파주 운정 이마트 부근에서만 가능합니다
택배거래시 구매자부담입니다",경기도 파주시 운정3동,1300000,103,"없음, 필름, 리퍼기간, 기스",기타지역
25,아이패드 프로 4세대 11형 256 wifi 애플케어+,"22년 6월 19일까지 보증 남아있고
제품 상태 자신 있습니다
사용 거의 안했어요 집에서만 모셔두고 있었고
영상시청도 갤탭으로 해서 실사용 얼마 안되요
기스 찍힘없어요 
정품 케이스, 파우치 같이 드려요
이사하면서 필름이 어디있는지 모르겠는데 필름 
찾으면 같이 드릴께요...
보호필름 찾았어요 전면 새거 두장 후면 한장
입니다",부산 사상구 모라동,850000,115,"없음, 리퍼기간, 새제품",기타지역
26,아이패드 프로 4세대 11인치 512g wifi 팝니다.,"작년 가을에 샀습니다. 상태는 좋습니다! 케이스도 드립니다

85만원 생각 합니다. 2391 5294 연락주세요",대전 유성구 온천1동,850000,100,없음,기타지역
27,아이패드 프로 4세대 11인치스그  128g 셀룰러 애플케어 판매합니다,"프로 11인치 2세대 스그모델 128g 셀룰러
작년 5월달쯤 구매한거같은데
보호필름은 부착은안했고 esr케이스 증정받은건데
케이스는 깨진부분이랑 사용감있을거고요
본체도 사용감있을건데
애캐플때문에 이점 양호할거같습니다",경기도 평택시 칠원동,900000,120,"없음, 필름, 셀룰러",기타지역
28,아이패드 프로 4세대 11인치 128gb wifi 실버 판매합니다.,"제품명: 아이패드 프로 4세대 11인치 128gb wifi 실버
구입 시기: '20. 10. 26.(리퍼 기간: ~'21. 10. 27.)

기타 사항
* 교환·네고 문의 및 예약 받지 않습니다.
* 현장 네고 요청 시 거래 안 합니다.
* 기본 구성품 풀박스+케이스 구성입니다.
* 액정 필름은 부착되어 있지 않습니다.
* 찍힘, 깨짐, 큰 흠집은 없으며, 사용감은 사진 참고 바랍니다.(전면 사진에 하얀 점은 먼지입니다.)
* 배터리 사이클은 53회이며, 평소 80% 이하로만 충전하여 배터리 컨디션이 상당히 좋습니다. 수치상으로도 100% 컨디션이며 설계 용량보다 현재 배터리 상태가 훨씬 좋습니다.(사진 참조)",경북 상주시 함창읍,680000,105,"없음, 필름",기타지역
29,아이패드 프로4 11인치 128gb wifi,"아이패드 프로 11인치 2세대 (2020년형, 프로4라고도 불림) 판매합니다.
상단에 작은 흠집 있는것 빼고 깨끗합니다.
앞면 강화유리 필름, 뒷면카메라에 강화유리 필름 부착되어 있습니다.
제한보증은 6월13일까지입니다.
본체+충전기 풀박스 구성입니다.
연신내 직거래 가능합니다.",서울 은평구 불광제2동,790000,112,"없음, 필름, 풀박스",서울 은평구
30,아이패드 프로 4세대 11인치(2세대) 128g wifi,"아이패드 프로 4세대 11인치 128g wifi 판매합니다
깔끔하게 사용하였습니다.



구성품 : 박스포함 일체, 커버 케이스, 종이질감 되어있음
외관 : 기스 없이 ss급으로 깨끗합니다.
보증: 제한보증 21년 6월 

연락주세요",부산 동래구 안락동,790000,107,"없음, 최상급",기타지역
31,[미개봉] 아이패드 프로4 11인치 256기가 새제품 실버 와이파이 판매합니다,"한국정발 미개봉제품입니다
  가격절충 불가능합니다",대전 유성구 봉명동,870000,110,"없음, 미개봉",기타지역
32,아이패드프로4세대 11인치 판매,"아이패드프로4세대 11인치+ 매직키보드
+애플케어플러스

힐링쉴드 전면액정, 뒷판 및 테투리 필름 붙어 있습니다",강원도 홍천군 홍천읍,1150000,105,"없음, 필름",기타지역
33,아이패드 프로4 11인치 256기가 스페이스그레이 와이파이 미개봉새제품 팝니다,"애플코리아 정품

가격네고 불가능합니다

  직거래 협의해서 가능 합니다",충북 청주시 흥덕구 복대동,860000,100,없음,기타지역
34,"아이패드 프로4세대(11인치 2세대)128g wifi 
애플케어플러스 풀박","아이패드 프로 4세대(11인치 2세대)128g wifi 
애플케어플러스 풀박 
- 애플케어플러스 보증 만료일 : ~ 22.10.19
- 종이질감필름 부착 상태
- 와관상태 최상(스크래치 없음)
- 2만원대 esr 백커버 케이스 + 3만원대 멀티앵글 케이스 포함
@ 패드 특성상 애케플은 필수이며 기간이 내년 10월까지라 편하게 사용하다가 리퍼받으시면 될 거 같아요
 - 직거래만 하며 간석사거리 또는 간석지유시장에서 합니다(협의 가능)",인천 남동구 간석3동,850000,112,"없음, 필름, 최상급",기타지역
35,아이패드프로 4세대 11형 128g 스그,완전새거 유튜브시청만 가끔했어요,대구 달서구 대곡동,800000,110,"없음, 새제품",기타지역
36,아이패드 프로 4세대 11인치 와이파이 애케플 추가 팜팜,"박스 구성품 누락 아무것도 없음
구성품 외관 모두 매우 깨끗 함

아이패드 프로 4세대 11인치 와이파이 128기가
애플케어+ 22년9월
배터리 100프로 40시간사용
외관 매우 깨끗합니다
-부속품 미사용 풀박스


애플펜슬 2세대
-부속품 미사용 풀박스

k380키보드 사용시간 5시간이 안됨
박스에서 꺼내만 놓음 

esr 폴리오케이스
정면 상단에 눈 에 안 보이는 까짐 있음

클리어 케이스, 아이패드 파우치

12월에 10시간 정도 사용한 제품 구매했으나
사용빈도가 워낙 적어서 다시 판매 함",서울 금천구 가산동,1000000,105,"없음, 미사용",서울 금천구
37,아이패드프로4세대 11인치(2세대) 256gb wi-fi,"미개봉 새상품입니다.
아이패드 프로 11인치(2세대) 256gb wi-fi 
필요하신분 연락주세요.
사진은 실사입니다.",서울 송파구 가락1동,940000,130,"없음, 미개봉, 새제품, 256",서울 송파구
38,아이패드프로4세대 11인치 128기가 와이파이 애케플팔아요,"아이패드프로4세대 11인치 128기가 와이파이
입니다
애케플 가입되어있고 1회사용했고
1년에 2번 총 4회중에 1번썼습니다
리퍼받아논거라 지금기기상태는 새거나다름없어요
리퍼받을땐 기기만 줘서
단품입니다
오시면 기름도 넣어드릴께요",광주 북구 용봉동,780000,110,"없음, 새제품",기타지역
39,"아이패드 프로4세대 11형 256gb wifi (스그, 펜포함)팝니다.​

​","아이패드 프로4세대 11형 256gb wifi (스페이스그레이)팝니다.

상태 깨끗합니다.

사용량 많지 않았고 스크라치 없습니다.

​케이스와 펜, 박스 등 모두 포함입니다.

가격은 95만원입니다.

​010-5648-5222

서울 사당, 성수, 용산 직거래 가능합니다.

문자주세요!",서울 동작구 사당제1동,950000,110,"없음, 256",서울 동작구
40,아이패드 프로4세대 11인치,"구매일자는 작년 12월 중순쯤되고 유튜브 보는용도로 밖에 안썼습니다.. 진짜 애지중지 아끼던거라 엄청깨끗하고 기스하나 없습니다. 정말 기스는 찾아보실수 없으실거에요. 맥북에어 사고싶어서 내놓아요
정말 새제품같은거 사고싶으시면 이거 꼭 사셨으면 합니다! 꽉 막히지 않았으니까 언제든 연락주세요~😊",충북 청주시 흥덕구 강서제1동,880000,110,"없음, 새제품",기타지역
41,아이패드 프로 4세대 11인치 스그 128기가 셀룰러 판매,"안녕하세요

3월경에 당근에서 자급제 셀룰러모델 구입하였고

갤탭으로 변경하면서 판매하게되었습니다

애플케어 없구여

기기상태 깨끗합니다

보증기간 22년3월18일 까지에요

거래후 환불은 안되세여

연락주세요-!",경기도 파주시 조리읍,800000,115,"없음, 셀룰러",기타지역
42,아이패드 프로4세대 11인치 wifi 256g 미개봉 새제품 판매합니다,"아이패드프로 4세대 11인치 wifi 256g
애플코리아 정품 미개봉 새제품
색상은 스페이스그레이입니다.
직거래위치는 서울 길음역
네고는 불가합니다.",서울 성북구 정릉제1동,920000,130,"없음, 미개봉, 새제품, 256",서울 성북구
43,"아이패드 프로 4세대 11인치 스페이스 그레이(wifi,256gb)","풀박×, 애플펜슬×
2020년 8월 22일에 구매해서 23일 오후에 받았습니다.
따로 애플케어를 가입하지 않았고 항상 케이스를 끼고 사용해서 기스, 사용감 하나도 없습니다. 쭉 사용할 생각으로 과충전 한 적 없고 필기용으로만 사용해서 떨어뜨린적 없고 휨 없습니다.
12.9인치로 갈아탈 예정이라 케이스와 파우치, 빅쏘 자석형 종이질감필름도 같이 드립니다.
강화필름 붙여놓긴 했는데 먼지 살짝 들어가있습니다.
거래는 금요일 저녁, 토요일, 일요일 오전에 가능합니다.
사진 필요하시면 톡 주세요.",세종시  종촌동,865000,105,"없음, 필름",기타지역
44,s급 아이패드 프로 4세대 11인치 128gb 와이파이 실버 모델 팝니다.,"전,후면 카메라 전부 필름 붙이고 사용해서 기스 일절 없습니다. 기기변경으로 팔게 되었습니다. 네고 가능하니 찔러보기 해주세요. 풀박스입니다.",경기도 용인시 처인구 운학동,900000,107,"없음, 풀박스",기타지역
45,아이패드 프로4쎄대 11인치 wifi 128g,"아이패드 프로 4세대.11인치 와이파이.128g 
깨끗합니다.
박스.충전기. 케이스. 종이질감필름 
배터리효율 100%
민락동입니다",부산 수영구 민락동,800000,100,없음,기타지역
46,아이패드프로 4세대(2세대) 11형 128기가 셀룰러 팝니다,"아이패드프로 4세대(2세대)11형 스페이스 그레이 128기가 셀룰러 팝니다
자급제이며 보증만료 22.04.25까지 입니다
풀박스이며 완전 새상품급 입니다 앞뒤 힐링쉴드 필름 부착상태입니다
스마트키보드도 전혀 흠집 없어요
직거래만 합니다",경기도 화성시 동탄1동,950000,130,"없음, 필름, 새제품, 셀룰러",기타지역
47,아이패드 프로 4세대 11인치 wi-fi 128gb(+애케플) 풀박스팝니다.,"모델: 11인치형 ipad pro 4세대 wi-fi 128gb 스페이스그레이
구매일자: 2020. 5.
애플케어플러스 보증기간: 2022. 7.
배터리효율: 100%

전면 종이질감필름 붙혀진 상태고
흠집, 찍힘, 휘어짐, 칠벗겨짐 없습니다.
평소 폴리오케이스 부착하여 필기용, 영상시청으로만 사용하였고

배터리 사용패턴은 20~80%로만 충전
하루에 한번 재부팅
이로써 최대한의 배터리효율을 발휘하게끔 사용했습니다.

애케플도(1년에 2번, 총 4번)
한번도 사용 안한상태이고
애케플 끝나기전에 사용하면 새아이패드로 사용가능합니다.

직거래 원하지만 채팅주시면 거래방법, 일정, 장소 조율가능합니다.",경기도 안산시 상록구 사동,800000,110,"없음, 애플케이플러스, 미사용, 에플케어x",기타지역
48,아이패드 프로 4세대 11인치 128gb,"wifi

모든 구성품 다 있고 제품a+급입니다! 흠집이나 하자 휨같은거 전혀 없음!
배터리 100퍼입니다!

구매는 작년 12월이고
필름이랑 케이스는 없어요 ㅠ",전남 여수시 덕충동,760000,107,"없음, 풀박스",기타지역
49,아이패드 프로4 11인치(2세대) 가격수정,"11인치 (2세대)
wifi / 128기가 / 스페이스그레이 모델
애플케어플러스 ㅇ

애플케어플러스 22년 9월 1일까지
1월에 리퍼 후 케이스 및 강화유리 붙이고
집에서 동영상 시청용으로만 사용
기스,찍힘 없는 a급

@애케플은 1월에 패드본체 키보드리퍼로 2회사용
(키보드 따로 판매)
21년 9월부터 다시 2회사용 가능
(참고:애케플 12개월당 2회씩 - 최대4회 가능)


풀박 + 파우치",서울 송파구 문정동,780000,117,"없음, 최상급, 애플케이플러스",서울 송파구
50,아이패드 프로 4세대 11인치 (스마트폴리오 흰색포함),"아이패드 프로 4세대 11인치 팝니다.
128기가, 와이파이, 실버입니다. 
작년 12월에 사서 상태 좋은편입니다..
아이패드 정품 케이스(스마트폴리오) 흰색포함입니다. 에눌은 따로 안합니다.",인천 연수구 선학동,1000000,100,없음,기타지역
52,(급처) 아이패드 프로 4세대 11인치 128기가 와이파이 모델 팝니다,"아이패드 4기가 11인치 128기가 옵션 판매합니다.

애플펜슬은 미포함이고 종이질감 필름이 붙어있으며

보시는 케이스도 포함입니다.

기존 구성품은 비닐까지 포함해 전부 포함되어 있으며 

보증기간은 사진에서 확인하실 수 있습니다.

더 궁금한 사항은 메세지 보내주세요.",대전 서구 만년동,830000,110,"없음, 필름, 리퍼기간",기타지역
53,아이패드 프로 4세대 11인치 128기가 와이파이 판매합니다,"보증기간은 지났습니다. 깨끗하게 사용했고, 사용하던 케이스도 드리겠습니다. 보호필름도 붙여져있어요!! 연락주세요!

애플펜슬 추가하시면 87만원에 드려요! (애플펜슬에 이름이 각인되어있습니다)",충남 천안시 동남구 목천읍,770000,90,"없음, 필름, 에플케어x, 각인",기타지역
54,[미개봉새제품] 아이패드 프로 4세대 11인치 256g 실버,"미개봉 아이패드프로 4세대 11인치 256g 실버
93만원에 판매합니다.

'현대차 중랑지점'(로얄스포츠센터 맞은편) 앞
혹은 'gs25 편의점 상봉사랑점' 앞에서 거래 원합니다.

연락 주세요",서울 중랑구 상봉동,930000,120,"없음, 미개봉, 256",서울 중랑구
55,미개봉 아이패드 프로 4세대 11인치 256g 실버,"미개봉 아이패드 프로 4세대 11인치 256g 실버

모래내시장역 근처에서 저녁시간 직거래 합니다.",인천 남동구 구월2동,930000,120,"없음, 미개봉, 256",기타지역
56,새상품 아이패드 프로4세대 11인치 셀룰러 실버 128기가,"애플케어 가입
최근에 리퍼 받고 사용하지 않은 새상품 입니다. 
구성품 및 박스 있슴.",경기도 김포시 구래동,880000,110,"없음, 새제품",기타지역
58,(미개봉) 아이패드 프로4세대 11인치 128기가 wifi 스페이스그레이,"구입처: 쿠팡
제조연월: 2020/11

개봉 안하고 보관만 해뒀던 새제품입니다
구매한지 한지 좀 된거라 애케플 가입 되는지는
잘 모르겠어요 (구입일 기준인지 활성화 기준인지, 기준이 애매)
이점 확인 후 구입부탁드립니다~
★미개봉 제품이라 개봉 후 환불 불가능합니다★
묻지마 환불하실분은 새제품 구매해주세요 :)

에눌 받지않습니다
직거래 위치: 개봉역/개봉2동 근처",서울 구로구 개봉동,850000,120,"없음, 미개봉, 새제품",서울 구로구
59,[애플케어+] 아이패드 프로 4세대 11인치 (2세대) 256gb wifi 스페이스 그레이,"20년 8월 구입 아이패드 프로입니다.

용량은 256gb, 와이파이 전용 모델이구요.

애플케어 플러스 가입 모델이구 한번도 as받은적 없습니다.

집에서만 사용해서 상태 s급입니다.

액정 보호 필름 구석이 조금 까져있는데 본체엔 이상 없구요 사용에 지장 없습니다.

필름 교환할 가격으로 3만원 낮췄습니다. (87만)

본체 박스랑 구성품 전부 있습니다.

스마트커버 일체형 케이스 덤으로 드려요.

대전 복합 터미널 근처에서 직거래만 합니다.",대전 동구 용전동,870000,124,"없음, 최상급, 풀박스, 256",기타지역
60,아이패드프로 4세대 11인치 128 셀룰러 스그 애플케어팝니다,"애플케어 22년 5월 4일까지입니다 스페이스그레이입니다
무상리퍼받고 강화유리만 붙힌 새거입니다
애플케어 리퍼 한번도 안받았습니다
긍금한점 있으시면 채팅주세요
직접보시면 만족하실겁니다",대구 수성구 지산동,800000,110,"없음, 새제품",기타지역
61,아이패드 프로 4세대 11인치 128gb 셀룰러버전 팝니다.,"아이패드 프로 4세대 11인치 128gb 셀룰러버전 팝니다. 짭플펜슬도 같이드립니다
집에서만 사용하고 케이스와 강화유리로 기스하나없는 새제품같습니다.",대구 달성군 구지면,850000,125,"없음, 새제품, 셀룰러",기타지역
62,아이패드 프로4세대 11인치 스그 와이파이버전,"2021년도 4월 제조된 아이패드입니다
아이패드 박스 비닐만 제거 후 사용하지 않은 제품입니다.
애플공홈에서 정가로 구입하고 12.9인치로 넘어가기 위해 싸게 팔아요..

어디서 어떻게 사용됐을지 모르는 중고 아이패드 말고 단순개봉 미개봉급 추천드립니다",대전 중구 태평2동,870000,110,"없음, 미개봉",기타지역
63,아이패드프로4세대(2세대) 11인치 512gb wifi,아직 보증기간 남은 아이패드프로 판매합니다!~ 사자마자 젤리커버에 앞면과 후면 그리고 카메라에도 보호필름붙이고 사용했어서 기스 하나도 없습니다. 사진에 보면 카메라보호필름 조금 깨졌는데 구매하신다면 필름도 여유분으로 드릴게요 ~ 충전기도 포함해서요 ~ 와이파이모델이에요!,전북 전주시 완산구 중화산동2가,1100000,100,없음,기타지역
64,아이패드프로4세대11형,"아이패드 프로 4새대 11형 리퍼받은 새 제품 판매합니다. 저는 약8개월동안 아이패드 사용했고 사용 중 고장이나서 구매하실 분 연락오면 새 제품으로 리퍼 받아 바로 드립니다.


궁금하심점있으시면 연락 주세요!!!

*참고) 충전기 포함 풀 박스 95만원(아이패드)",전북 익산시 영등동,870000,110,"없음, 새제품",기타지역
65,아이패드프로4세대128 11인치,"s급 4세대128 11인 셀룰러 
에플케어플러스 가입  2022 06
강화필름
4세대12.9 교신가능 합니다",전남 순천시 풍덕동,850000,122,"없음, 최상급, 셀룰러",기타지역
66,ipad pro4단품(11인치/wifi/ 128g),"●글을 먼저 읽고 연락주세요
●아래 내용 문의 시 차단합니다
- 네고, 가격 조정 요청(안팔리면 낮춥니다)
- 팔렸나는 문의(판매중입니다)
- 이것 저것 묻고 생각해보겠다는 경우
 (연락 후 고민하지 말고,구매 결정 후 연락주세요)
● 노원 상계동 직거래 또는 착불택배
●중고거래 특성상 반품,환불 불가
●구성품
- 아이패드프로 4세대(11인치/128g/wifi/스그)
충전기 없음
●상태 및 특징
- 배터리 100% 사이클81
- 휨x 깨짐x 찍힘x
- 전면 강화유리 부착",서울 서초구 잠원동,750000,105,"없음, 필름",서울 서초구
67,아이패드 프로 4세대 11인치 128기가,"아이패드 프로 11인치 128기가 모델입니당.
21.2.29에 구입했구 21년 2월 제조 제품입니다.

실사용 3개월 딱 찍었네요. 집에서 유튜브만 가끔 봤어요!! 너무 사용을 안해서 팔아요. 
종이질감 필름 붙어있구.. 구성품 모두 미사용이에요.
케이스도 드려요!

초기필름도 가지고 있어요! 훅해서 구입했다 그냥 판매해요!!

사진에 콕 하나있어요ㅠ",서울 마포구 합정동,750000,110,"없음, 필름, 미사용",서울 마포구
68,아이패드프로4세대11 팝니다,아이패드프로4세대 11인치 256기가 판매합니다 풀박스에 케이스2개 강화유리2개 드립니다 애케플 22년5월4일까지입니다 가격은90입니다 펜슬은 미포함입니다 직거래는 대림성모병원앞에서 하고 택배거래합니다,서울 영등포구 대림동,900000,110,"없음, 256",서울 영등포구
69,아이패드 프로 4세대 11인치 실버 128g,"작년 11월에 구매했습니다
기스 흠집 없습니다
구매해주시면 라이노 클리어쉴드 케이스와 9h 강화유리까지 함께 드리겠습니다
연락주세요",광주 광산구 신가동,800000,100,없음,기타지역
70,아이패드 프로4세대 11인치 128기가 wifi 판매합니다.,"아이패드 프로4세대 11인치 128기가 wifi 제품

새상품 구매해서 1일 되었습니다.
보호필름 붙여놓았고, 실리콘 케이스 끼워서 
사용하였습니다.

새상품이나 다름 없기에 사진은 한장이고, 
구매의사 있으신 분들은 만나서 직접 
보시면 될 것 같습니다. 

당연히 박스풀이구요.
5세대 사전예약 되어 급하게 판매합니다.
고가의 상품이므로 직거래만 하겠습니다.

ps> 구매의향 있으신 분들만 연락주세요;;
가격 조정은 어렵습니다~",강원도 춘천시 후평2동,800000,115,"없음, 필름, 새제품",기타지역
71,아이패드프로 4세대 11인치 128gb 스페이스 그레이 새상품,"겉 비닐만 뜯은 새상품입니다 ! 스피킹맥스로 구매한 상품인데 필요가 없어서 판매합니다. 😃
충전기, 아이패드 비닐까지 모두 그대로인 새상품입니다 !!

📢 애플펜슬은 없습니다 !!
📢 거래장소 최대한 구매자분께 가까이 가겠습니다 !!",대전 대덕구 송촌동,850000,110,"없음, 새제품",기타지역
72,아이패드 프로4 11인치 스그+애플케어플러스+케이블을 제외한 풀박스(서드파티케이블제공)+미개봉휴대폰무선충전기,"기기 - 아이패드프로4세대 11인치 128gb 와이파이 스그
외관 - 휨문제, 기스는 없으며 거래시 주변카페에서 확인가능, 현재 지문방지보호필름 부착
애플케어플러스 - 애플펜슬과 동시에 가입 23년1월11일까지 사용가능(592일 즉 1년7개월 후 새기기로 리퍼가능)
구성품 - 아이패드+애플케어가입+아이패드상자+정품충전기+서드파티ctoc케이블+미개봉 휴대폰무선충전기+usb리더기

애플펜슬도 애플케어플러스를 아이패드와 동시에 가입하여 리퍼가 가능합니다. 애플펜슬도 같이 구매를 원하시면 102만원입니다.
펜슬구성 - 정품펜슬풀박스+정품펜촉1개+소음방지펜촉+애플펜슬케이스

아이패드는 삼성t5 외장ssd 1tb의 사용이 가능합니다. 보통 15만원이지만 같이 구매하시면 미개봉삼성t5 외장ssd 1tb를 13만원에 드립니다. 같이 구매하시면 용량걱정도 없고 핫딜가격으로 구매하시는 겁니다!!

케이스와 종이질감필름을 같이 구매를 원하시면 제 다른 글을 통해 자유롭게 연락주시면 됩니다!",울산 남구 야음동,890000,160,"없음, 필름, 리퍼기간, 미개봉, 애플케이플러스, 1tb",기타지역
73,apple 애플 아이패드 프로 4세대 wifi 11형 128g 실버 (제조년월 21.02),구매한지2달정도 됬습니다 구매후 사용을 거의 안해서 새거라고 보시면되고요 기스찍힘 전혀없습니다 새거라고보시면되요 사용을 거의 할시간이 없어서 싸게 팔아봅니다 풀박이고요 투명케이스 같이드립니다,경기도 안산시 상록구 본오2동,800000,110,"없음, 새제품",기타지역
74,아이패드 프로4 11인치 새상품급,"아이패드 프로4세대 11인치 128 와이파이 제품이며 

사용시간 5시간미만 새상품급입니다 

정품 스마트 폴리오 케이스있습니다

구매는 2달 되었으며 사고 나서 5시간도 안써서 판매합니다
안쓴만큼 상태는 말할거도 없고 충전기 케이블 미사용 풀박스입니다


거래시 기스 발견 하시면 만원씩 네고 해드립니다
상태 매우 좋습니다

애케플은 없습니다
 
삼계입니다",경남 창원시 마산회원구 내서읍,830000,122,"없음, 새제품, 풀박스, 미사용",기타지역
75,아이패드프로4세대 11형 128gb wifi입니다,아이패드프로4세대 11형 128gb wifi 입니다 박스 충전기 까지 다 있습니다 아이폰12프로 카드케이스 까지 무료로 드리겠습니다 거의 새것 입니다,경기도 수원시 팔달구 우만동,800000,120,"없음, 새제품, 새제품",기타지역
76,아이패드프로4세대 11형 128gb wifi입니다,아이패드프로4세대 11형 128gb wifi 입니다 박스 충전기 까지 다 있습니다 아이폰12프로 카드케이스 까지 무료로 드리겠습니다 거의 새것 입니다,경기도 성남시 중원구 성남동,800000,120,"없음, 새제품, 새제품",기타지역
77,아이패드프로4 11인치 128기가 와이파이 스그 풀박스,"작년 여름에 구매했고 
잘 쓰지않아서 팝니다 
풀박스이고
강화유리필름 붙어있고
깨끗합니다
필요하신분 연락 주세요!!
싸이클 61 배터리성능 100%


애플펜슬은 사서 쓰지도 않았는데ㅠ
12만원 별도 판매합니다",충북 청주시 서원구 분평동,780000,105,"없음, 필름",기타지역
78,아이패드 프로 4세대 셀룰러 256g 11인치 실버,"구매해서 1년정도 사용했습니다
주로 유튜브보는 용도였고
배터리 효율 97퍼 나옵니다
외관 깨끗하구요 기타 하자 없습니다
셀룰러 모델이라 유심끼우시면 데이터 사용 가능합니다",서울 영등포구 여의도동,850000,115,"없음, 셀룰러",서울 영등포구
79,아이패드 프로 4세대 11인치 셀룰러 256g 실버,"2020년 5월 구입 후 1년 정도 사용했습니다
유튜브 보는 용도였구요 배터리 효율은 97퍼 나옵니다
외관 깨끗하고, 기타 하자 없습니다
풀박스 비닐까지 그대로 드려요",서울 동작구 사당동,850000,100,없음,서울 동작구
80,아이패드 프로 4세대 11인치 128gb wifi모델(2020년)(가격 인하),"아이패드 프로 4세대 11인치 wi-fi 모델 판매합니다.
색상은 스페이스 그레이 입니다.
배터리 효율은 확인해 봤는데 95나왔습니다.
보증기간은 1년이라 안해서 올해 7월 초까지 입니다
아직 한번도 수리 받은적 없습니다.
패드 뒷쪽에 살짝 찍힘이 있습니다.
그 이외에는 찍힘이나 벗겨짐 같은것은 없습니다.
풀박스 전부 드립니다.

가격이 가격이다 보니 직거래 선호합니다.",경기도 안산시 단원구 와동,800000,100,"없음, 풀박스, 기스",기타지역
81,"s급 아이패드 프로 4세대 (11인치, 실버, 128gb, wifi, 보증기간 21.11월)","보증기간 남은 s급 아이패드 프로 4세대 (11인치, 실버, 128gb, wifi)

제목과 같이 아이패드 프로 4세대 판매합니다. 

1. 아이패드: 보증기간 2021. 11. 21까지로 작동상태, 액정, 긁힘 찍힘 휨 없는 매우 좋은 상태.

2. 배터리에 대한 걱정이 제일 많으시겠지만 충전싸이클 80여회, 배터리 상태 신품과 동일한 100% 입니다

3. 드리는 품목은 박스, 미사용 충전기, 미사용 케이블, 미사용 액정보호유리필름 입니다(마지막 사진의 매직 키보드는 설명을 돕기위한 것으로 제외합니다. 혹시 관심 있으시면 채팅 주십시오)

4. 직거래 시간과 장소는 협의하며 거래후 단순변심에 의한 취소 환불은 어렵습니다.",서울 강서구 내발산동,759000,112,"없음, 최상급, 미사용",서울 강서구
82,아이패드 프로 4세대 11인치 셀룰러,"작년 5월에 구매한 아이패드 프로 11인치 셀룰러 팝니다.
구성품 미사용으로 있구요.
애플 정품 케이스, 투명케이스 같이 드려요.
영상시청용으로 사용하다 필요가 없어져서 판매합니다.
유리필름 붙여놔서 액정 기스는 없지만 떨어트려서 상단 하단 찍힘 있습니다",광주 광산구 우산동,750000,118,"없음, 필름, 셀룰러, 미사용, 기스",기타지역
83,아이패드 프로 4세대 11인치 128gb s급,"아이패드 프로 4세대 11인치 128gb 와이파이 모델 팝니다. 거의 새 상품이나 마찬가지이고 애플펜슬은 미포함입니다. 휨 현상은 전혀 없고 기스나 찍힘 같은거 전혀 없습니다. 종이질감 필름 붙혀있고 케이스 여러개 같이 동봉해서 드리겠습니다.

빠른 연락 부탁드려요",서울 성동구 성수2가제3동,780000,110,"없음, 새제품",서울 성동구
84,아이패드 프로4 11인치 셀룰러 512g 스페이스그레이(애플케어) 팝니다,"작년 12월달에 구매해서 쓰다가 
최근에 잘 안쓰게되서 팝니다
애플케어 2월 23일에 가입해놨고 
23년2월23일까지 보증됩니다 
아이패드에 저반사 필름 붙여놨는데 기포가 조금 들어가있어요

케이스까고 사용해서 정말 미세한 생활 잔기스정도는 있을수 있습니다
밖에 안가지고 나갓어요

케이스는 끼워져있는 투명 케이스 같이 드립니다
아이패드 상자와 정품 충전기 모두 포함입니다

애플케어 양도 원하시면 해드립니다

고가 제품인 만큼 직거래 위주로 거래합니다
직거래는 파주 운정 이마트 부근에서만 가능합니다
택배거래시 구매자부담입니다",경기도 파주시 운정3동,1300000,103,"없음, 필름, 리퍼기간, 기스",기타지역
85,아이패드 프로 4세대 11인치 wifi s급 풀박⭕️,"s급, 기스나 하자 없습니다. 넷플릭스랑 유투브만 몇 번 보고 사용 안해서 사용감 별로 없고 알콥 스왑으로 닦아뒀어요. 스코코 종이질감 필름 앞뒷면으로 붙여뒀고 뒷면 필름 한개 더 드립니다. 배터리 효율 좋아요❗️

두번째 사진에 있는 케이스(하자 있어요) 포함해 팝니다. 연락주세요.😭

✔️128gb, 제조년월 2020.09",인천 남동구 논현1동,820000,117,"없음, 필름, 최상급, 미사용",기타지역
86,아이패드 프로 4세대 11인치 애플케어 풀박스 (애플 태블릿pc 미개봉급 상품),"애눌x, 안팔리면 업자한테 내놓겠습니다.

아이패드 프로 4세대 11인치 128gb / wifi / 애플케어 가입됨 ( 2022 05 16까지) / 미개봉급 ss급 상품 (사진 참고해주세요! 직거래로도 확인하시겠지만 찍힘 기스 까짐 일절 없습니다. 거의 새거지만요 *^*)
/ 구성품 풀박스 (충전기 어뎁터 모두 거의 새것)

전 주로 필기, 유튜브 시청에 사용했으나 성능이 아주 좋은 제품인지라 영상편집과 포토샵 레이어링, 듀얼 모니터로 사용할 수 있습니다. (그러려고 프로사는거지만) / 또 애플케어 보험이 적용되서 1년에 2회 5만원만 지불하고 as로 리퍼 가능합니다. 자녀분들 온라인 수업, 필기 등 선물할 때도 좋습니다.

애플 정품 스마트폴리오 케이스 같이 구매시 케이스를 5만원에 드립니다.",경기도 수원시 장안구 송죽동,900000,132,"없음, 최상급, 리퍼기간, 미개봉, 새제품",기타지역
87,아이패드 프로 4세대 11인치(2세대) 셀룰러+wifi 512gb,"프로4세대 11인치 셀룰러+wifi 512gb 실버입니다
애플케어 플러스 가입되어있고 22년4월29일까지 입니다. 3월달에 기기교체 한번 받아서 내년에 애케플 종료전에 기기+악세사리 올교체 한번 받으실 수 있습니다. 인강하고 동영상 시청용으로 써서 상태 초s급입니다. 직거래할게요",대구 달성군 화원읍,1300000,152,"없음, 최상급, 애플케이플러스, 셀룰러, 512",기타지역
88,아이패드 프로 4세대 11인치 (2세대 11) 128기가 lte 셀룰러 팝니다,"안녕하세요 애플 아이패드 프로 4세대 11인치 팝니다
128기가 실버 lte 셀룰러 모델입니다
정상해지 되어있구요 리퍼기간은 끝났습니다
구성품은 풀박스에 케이스 서비스로 드려요(3세대용인데 잘라서 맞게 만듦) 
상태 좋습니다 앞 뒤 옆 보호필름 붙어있구요 보호필름 상태도 좋아 그대로 사용하셔도 됩니다",충남 천안시 서북구 불당동,790000,115,"없음, 필름, 셀룰러, 에플케어x",기타지역
90,미개봉)아이패드프로4세대 (11형2세대) 256g wifi,"미개봉품

스그 

신논현 직거래
그외택배가능",경기도 성남시 수정구 금토동,900000,110,"없음, 미개봉",기타지역
92,아이패드 프로4 11인치(애케플x) 256g 액정 일부파손,"아이패드 프로4세 11인치 256기가 스페이스그레이 모델입니다.
구성은 풀박스이며 작년 9월 신품 구매후 사용했습니다. 
*사진에도 보이듯이 액정 하단이 파손되었지만 터치나 사용에는 전혀 문제가 없습니다.(거래시 확인가능). 그래서 거래후 사설수리를 할 수 있다는 가정하에 가격을 책정했습니다. #액정파손 외에 그 어떤 기스도 없이 깔끔하게 사용했습니다.

***이런분들에게 추천 : 액정 파손이 되었지만 아이패드4세대를 저렴한 가격에 꼭 써보고싶다! 하시는 분에게 추천 드립니다. 거래시 사용에 문제가 있다면 전액 환불해드립니다. 

꼭 필요로 하신 분이 계시다면 연락주세요 쿨거래시 어느정도 네고도 염두해보겠습니다😊

거래는 백천동 직거래 하겠습니다.",경북 경산시 백천동,480000,110,"없음, 256",기타지역
93,아이패드프로 4세대 11인치 128gb wifi 스페이스그레이 미개봉 새상품 팝니다!!,"인터넷최저가 : 97만원대

사은품으로 받은 완전 미개봉 새상품인데 저는 별로 필요하지 않아서 판매합니다! 아이패드케이스는 그냥 같이드릴게요! 왠만하면 택배거래보다는 직거래로 하고싶습니다. 약간의 네고는 감안해드릴게요!",경기도 수원시 영통구 영통1동,880000,120,"없음, 미개봉, 새제품",기타지역
94,아이패드 프로 4세대 11인치(2세대) 256g 팔아봅니다,"유튜브, 공부용, 필기용으로 사용 했던 아이패드입니다 사용기간은 4달정도 되었습니다 완전 s급 입니다 연락주세요~",부산 북구 금곡동,800000,107,"없음, 최상급",기타지역
95,아이패드프로 4세대 11인치 128기가 와이파이 스마트폴리오 정품,"작년 7월구매
보증기간 있습니다. 사진참고
스마트폴리오 정품키보드 포함
케이스 여분
박스 풀셋입니다~

상태 전면 필름 부착 기스 안보이고 상태좋습니다
강의 듣는용으로 사용하였습니다. 

필름은 종이질감용 필름으로 애플펜슬 쓰시는분은 그냥쓰심될듯합니다.

잠실역 직거래 합니다",서울 강남구 삼성동,850000,110,"없음, 필름, 리퍼기간",서울 강남구
96,아이패드 프로 4세대 11인치 128기가 와이파이 풀박스 팔아요,"테두리 사용감 있습니다 

배터리효율 100프로입니다

국내판이고 풀박스입니다",경기도 오산시 수청동,700000,102,"없음, 풀박스, 생활흔적",기타지역
97,아이패드 프로4 11인치 실버 128g wifi 풀박스,"보증기간 21년11월 까지구요
애플케어플러스 필요하신분은 11만원 추가하셔서 
같이구매해주시면 보증기간 23년1월까지 연장됩니다
애플케어플러스는 한번도 사용안했습니다
구매할때 뽑기도 잘해서 초기불량 증상들 없었구요
집에서만 썻고 케이스+필름끼고  사용해서 찍힘, 기스 하나도 없고 상태 정말 깨끗합니다
풀박스에 배터리 효율 100입니다
거래는 진접쪽에서 가능합니다~",경기도 남양주시 진접읍,780000,110,"없음, 리퍼기간, 미사용",기타지역
98,아이패드 프로 4세대 11형 256gb 셀룰러 모델,"아이패드 프로 4세대 11인치 256기가 + 셀룰러 모델입니다
액정 및 테두리 찍힘 없고 깨끗합니다
박스 및 구성품 모두 있습니다
esr케이스 미사용 포함입니다",전북 전주시 덕진구 인후동1가,820000,137,"없음, 풀박스, 셀룰러, 256, 미사용",기타지역
99,아이패드 프로 4세대 256g11인치 셀룰러(lte)팝니다,"기기단품이구요 셀룰러(lte) sss급 제품입니다.
보호필름 붙여있구요 개통가능.
정상 해지 된 기기이구요 통신사 개통가능합니다.
기스없이 집에서만 사용했구요. 

박스는 어디갔는지 없어져서 찾기힘드네요.
그래서 가격 싸게 올려놔요.

보증기간은 6월말까지 되어있네요.
집에서만 사용했어서 깨끗이사용한 제품입니다.
사용빈도가 슬슬적어져서 팔아봅니다.

인천 직거래  희망합니다.",인천 남동구 논현2동,950000,127,"없음, 필름, 최상급, 셀룰러",기타지역
100,아이패드 프로4세대 11인치 와이파이 128기가,상태는 a+급정도 됩니다.(상품사진과 실제물품은 다를수있습니다),강원도 속초시 교동,1000000,100,없음,기타지역
101,아이패드프로 4세대 11인치 셀룰러 128g 애케플,"아이패드 프로 4세대 셀룰러 11인치
+ 애플케어플러스 + 애플 정품 스마트 폴리오케이스

풀박s급 판매합니다! 찍힘이나 휨 하자 없는깔끔한제품입니다! 

애케플 들어놔서 완파되도 저렴하게 리퍼 받으실 수 있습니다.

애플 공홈에서 구매한 정품 스마트폴리오도 함께 드립니다 연락주세요!",서울 강남구 삼성2동,950000,137,"없음, 최상급, 리퍼기간, 애플케이플러스, 셀룰러",서울 강남구
102,아이패드 프로 4세대 256gb 11형 스그 팔아요,"몇달전 구매했는데 잘 사용안해서  팔아요 
액정에 기스 살짝 있고 휘어짐 살짝 있어요 화면 켰을때 기스는 안보이고 휘어짐은 성능에 문제는 없어요 충전기 없음 옆면이나 뒷면쪽 찍힘등은 전혀 없음",경북 고령군 다산면,700000,95,"없음, 미사용, 파손",기타지역
103,아이패드 프로4 11인치 셀룰로 팝니다,"2020년5월
아이패드 프로4  11인치 셀룰로+와이파이
정품커버 포함 (우레탄 헤짐 있음)",대구 남구 대명동,990000,100,없음,기타지역
104,아이패드 프로4세대s급  wifi 11인치+애케플 판매합니다,"아이패드 프로 4세대 11인치 + 애케플입니다
힐링실드 3.5만원가량 필름 지문방지로 붙어있습니다
기스0 s급으로 신품급입니다

케이블+충전기까지 풀박스이며

애케플 들어져있어서 상태 맘에 안드시면 리퍼하시고 사용하셔도 됩니다. 애케플 구매후 한 번도 이용하지 않았어요

직거래는 보정에서 가능합니다

택배거래도 됩니다.",경기도 용인시 기흥구 보정동,900000,127,"없음, 필름, 최상급, 리퍼기간, 애플케이플러스",기타지역
105,아이패드 프로 4세대 11인치 와이파이 128g 애플케어 적용,"아이패드 프로 4세대 11인치 와이파이 모델입니다. 용량은 128기가구요. 

구입은 작년 7월 실사용 5개월입니다. 

애플케어 적용되어있고 케이스도 있습니다. 보호필름도 방탄유리로 가장 높은 등급으로 되어있습니다. 

수성구 내 점심시간 근처에 거래 가능합니다:)",대구 수성구 범어동,820000,110,"없음, 애플케이플러스",기타지역
106,아이패드 프로 4세대 11인치 셀룰러 128g 팝니다,"아이패드 작년 12월16일에 산 프로 4세대(셀룰러) 팝니다.
10만원 상당 zugu케이스+애플펜슬+여분의 종이질감 필름 같이 드립니다. 쿨거래시 80에 드리고요. 
사자마자 케이스+필름 붙여 사용해서 상태 아주 좋습니다.
편히 연락 주세요(애케플 안되어 있습니다)",서울 영등포구 여의도동,850000,125,"없음, 필름, 애플케이플러스, 셀룰러, 에플케어x",서울 영등포구
107,아이패드 프로 4세대 11인치 128 와이파이 스페이스그레이🖤,"🖤 작년 11월 23일 구입 (보증기간 1년)
🤍 아이패드 프로 11인치 128기가 와이파이형 스페이스그레이
🖤 신제품급 상태
🤍 펜슬 미포함

작년 11월 23일 구입 후 충전을 2-3번 할만큼 사용을 안했어요 (다이어리용으로 사용) 프로가 좋긴하지만 다이어리용외에 사용하지 않는 저에겐 사치인것같아 팔고 저는 아이패드로 재구입할 예정입니다! 집에서만 밤에 다이어리 끄적이는용이라 기스일체 없어요! 사진에 보이는 구성품으로 다 드려요! 케이스도 인기많은 제품인 라이노 연핑크 23,900원짜리 제품이고 이 역시 밖에 나가서 사용하지 않아 때탐없어서 색상만 마음에 드시다면 사용하면 좋을거같아요 그럼 좋은 거래 기다릴게요🙇🏻‍♀️

🐻 직거래 주안역인근",인천 미추홀구 주안동,750000,114,"없음, 풀박스, 풀박스",기타지역
108,아이패드프로4세대 11형(wifi) 256gb 판매합니다.,"2020년 9월 20일 가족한테 선물받아서
대략 8개월정도 사용했습니다.
취준생이라 pdf파일 열어서 문제풀이용으로만 사용했습니다. 개인적으로 용도상 저한테 더 큰 사이즈가 맞을거같아서 판매합니다.
기스 전혀없고 정말 애지중지 사용해서 a급 자부합니다 직거래만 가능합니다!",서울 종로구 부암동,850000,107,"없음, 최상급",서울 종로구
109,아이패드 프로4 11인치 256기가,"와이파이 버전이고 
작년 여름쯤 구매해서 강의용으로만 쓰다 12.9로 넘어가려고 팔아요~
항상 케이스에 필름까지 붙이고 사용해
기스 및 하자 전혀 없습니다!
풀박스이구요~ 원하시면 케이스 벗긴 사진 찍어서 보여드릴게요 :)

펜슬은 미포함입니다!",대구 수성구 상동,870000,100,없음,기타지역
110,아이패드 프로 4세대 11인치 실버 셀룰러 128g,"아이패드 프로 11인치 실버 셀룰러 128g
풀박스 상태로 드립니다! 어댑터 및 케이블 같이 드려요
사용기간은 거의 3~4개월 정도밖에 사용 안 했구요 필기용으로만 보호필름 부착해 사용해서 상태 아주 좋습니다. 배터리 성능하락은 없구요! 액정은 보호필름 부착해 사용해서 말끔합니다🤗 
후면보호필름이랑 종이질감 강화유리(3마넌짜리) 부착한 상태로 드릴게요! 원하시면 떼서 사용하셔도 되구 그냥 사용하셔도 됩니다 ㅎㅎ
직거래 장지역 부근 송파글마루도서관에서 합니다. 연락 주세요!",서울 송파구 장지동,950000,125,"없음, 필름, 셀룰러, 미사용",서울 송파구
111,아이패드프로4세대 11인치 wifi256기가 팝니다,"아이패드프로4세대 11인치 256기가 팝니다
보증 21.06.07까지 되어있습니다
미사용 충전기 포함 풀박스
짭펜슬 블투키보드 포함해서 팝니다
웹서핑용으로 사용했으며, 아이가 태어나면서 팝니다",충북 청주시 청원구 오창읍,880000,120,"없음, 리퍼기간, 256, 미사용",기타지역
112,아이패드 프로 4세대 wifi+셀룰러 11인치128g,"2020년 6월에 신세계백화점에서 산 아이패드프로4세대 wifi+셀룰러 11인치 스페이스그레이 모델입니다.
구매당시 풀박 그대로구요. 케이스포함입니다.
휴대성 좋은 11인치에 야외에서도 즐길 수 있는 셀룰러 모델입니다. 데이터는 핸드폰 데이터와 나눠쓰기때문에 부담이 전혀 없어요.

사용빈도가 너무 없어서 내 놓으니 상태는 a급입니다.

wifi+셀룰러모델이 wifi만되는 모델보다 20만원 더 비쌉니다.",광주 동구 용산동,846000,122,"없음, 최상급, 셀룰러",기타지역
113,아이패드 프로4 실버 11인치 128g wifi,"아이패드 프로4 11인치형 실버입니다

케이스와 애플펜슬은 구매한지 한달도 안되었습니다

데스크톱고장으로 급처해요 ㅠㅠ

73만원은 애플펜슬 제외한 가격입니다

포함시 85만원이에요
궁금하신점 챗주세요~",경북 경산시 옥곡동,730000,100,없음,기타지역
114,아이패드 프로 4세대 11인치 128g 와이파이,"아이패드 프로 4세대 11인치 128g 와이파이 스페이스그레이
풀박스고 20년 9월에 구매했습니다.
사진보면 아시겠지만 생활기스도 없는 편이고
충전포트에도 전혀 기스 없습니다.
집에서 애지중지 사용했습니다.
거래는 착불택배로 보내드립니다.",대구 동구 신암3동,850000,100,없음,기타지역
115,아이패드 프로4세대 11인치 128기가,"아이패드 프로4세대 11인치 128기가
작년6월에 구매하고 많이 안써서 팝니다!
앞,뒤 필름 다 붙였고 카메라에도 보호 필름 붙여놔서 이상없습니다. 박스는 사고 바로 보관 해놔서 깨끗하고 풀박스 입니다. (애플펜슬은 판매하지 않습니다!)
구성대로 케이스랑 파우치두개 다 드립니다.
쿨거래시 에눌 조금 해드려요.

직거래는 화곡역이고 
원하시는 지역있으면 말씀 해주세요.

채팅주세요~",서울 양천구 신월5동,970000,112,"없음, 필름, 풀박스",서울 양천구
117,(미개봉) 아이패드프로 4세대 11형 128gb wifi 완전 새상품,"비닐 안 뜯은 미개봉 풀박스상태
아이패드프로 4세대 (11인치 2세대)
128기가 wifi 모델
실버 색상 판매합니다.

애플스토어 가로수길직영점 수령한 제품이고요.

기존 구형 아이패드 쓰고있는게 있는데
갑자기 프로쓰고 싶어져서 충동적으로 플렉스했다가
아무래도 계속 원래꺼 잘 쓸거 같아서 비닐조차 안 뜯고 수령한 상태 고대로 되팝니다.🥲


*직거래 가능 장소*
강남/분당지역

*택배거래는 +3000원 추가 생각해주시면 됩니다.",서울 강남구 청담동,850000,110,"없음, 미개봉",서울 강남구
118,아이패드프로 4세대 11인치 128gb 풀박스,"아이패드프로4세대 11인치
128gb 실버 풀박스 wifi 판매합니다 !!
작년 10월에 구매했고 
보증기간 21년 10월 26일까지
배터리성능도 100% 입니다.
외관에도 사진처럼 흠집도 없이 깨끗합니다.
연락주세요~~~",부산 부산진구 부전동,790000,100,없음,기타지역
119,아이패드 프로 4세대 11인치 256g,"아이패드 프로 11인치 256g 
20년 6월 구입
애플케어 x
상태 s급",경기도 성남시 분당구 정자1동,850000,112,"없음, 최상급, 256, 에플케어x",기타지역
120,아이패드 프로4세대 11 wifi 128 스페이스그레이 팝니다 -가격 내림,"찔러보기, 2세대 아니냐의 시비 등은 정중히 거절합니다. 거짓 정보 올리지 않고요, 초록창 보시면 11인치 기준 2세대, 프로 기준 4세대로 혼용되어 사용하고 있으니 확인 하시기 바랍니다. 

정말 구매 의사 있으신 분만 연락 주시기 부탁 드립니다

구입 후 랩씨 종이질감필름+ 스마트커버 장착
애지중지하느라 거의 사용하지 않아 정리 합니다.
배터리 수명 100 입니다.
보증기간 21년 5월 28일까지입니다

사진에 보이는데로, 구성품 미사용이며,
프로 케이스와 함께 드립니다.

직거래 낮시간은 선릉역
그 외 시간은 송파역, 가락중 부근 입니다.",서울 강남구 역삼동,760000,105,"없음, 미사용",서울 강남구
121,아이패드 프로 4세대 11인치 스그 128gb,"아이패드 프로 4세대 11인치 스그 128gb입니다
빛샘, 눌림현상, 데드픽셀도 없는 양품이라
다음주 목요일에 리퍼 마감인데 리퍼교환 받을 건덕지도 없어요
카메라쪽에 아주 작은 기스 하나있습니다(렌즈 부분 아님. 사진 참고해주세요)

충전기와 케이블은 사용도 안했습니다.
애플 공홈구매 제품이고 풀박으로 드려요",서울 동작구 노량진제2동,740000,88,"없음, 기스, 에플케어x",서울 동작구
122,(애플케어적용)아이패드 프로4 11인치 256기가 스그(스페이스그레이),"애플케어 적용되어있는 제품입니다
(애플케어 가격: 149000원)
박스, 애플 마크 스티커도 모두 있습니다
케이스, 필름 모두 한 상태로만 조심히 사용해서 흠집 전혀 없습니다!
구매원하시는 분 톡 주시면 더 자세한 내용 말씀 드릴게요

* 일주일 내로 판매 안되면 그냥 사용하려고 합니다!
   일단 가격제안 주세요!",서울 노원구 중계4동,950000,100,없음,서울 노원구
123,아이패드 프로 4세대 11인치 wifi 모든구성 s급 상태 애플 태블릿pc,"스페이스 그레이 색상
기스 찍힘 실기스 조차 없는 ss급 입니다.
에어 4로 구매하려고 바로 판매합니다.
애케플 있음",경기도 수원시 장안구 송죽동,850000,117,"없음, 최상급, 애플케이플러스",기타지역
124,아이패드 프로 4세대 11인치 스그 셀룰러 128g s급,"기스 하나없이 깨끗한 모델입니다.
풀박스이고, 배터리 효율 100% 입니다.
구매하자마자 필름, 케이스 부착했습니다.

힐링쉴드 종이질감필름 33,000원짜리랑 같이 드립니다 
랩씨 35,000원짜리 케이스도 같이 드립니다.

데이터 쉐어링으로 유심칩 만들어서 바로 쓰실수 있고
직거래 가능합니다.",대전 유성구 상대동,900000,105,"없음, 필름",기타지역
125,아이패드프로4세대 11인치 256gb 셀룰러+애플케어 플러스 판매합니다,"2020.10.04에 구매한 아이패드 프로 11인치 4세대(11인치2세대) 256gb 셀룰러 애플케어플러스 적용된 모델 판매합니다
박스 다 있구요 충전기는 사용했습니다
애플케어 플러스 기간 2022.11.30까지입니다
사진에 보이는거처럼 필름 안끼고사용해서 기스 조그마하게들 있습니다 애플케어로 5만원내면 새상품으로 받을수있으니 상관없다 생각하고 썼습니다
애플펜슬은 포함안합니다
교환도 받습니다 아이패드프로4세대 12.9인치 128gb or 256gb 셀룰러 애플케어 플러스있는
모델과 교환합니다 추금은 협상
연락주세요",부산 금정구 장전제3동,980000,128,"없음, 새제품, 셀룰러, 256, 기스",기타지역
126,아이패드프로4세대 11인치 128기가 wifi모델 팝니다,"아이패드11인치 128기가 와이파이모델 판매합니다.
스페이스 그레이 색상이고 3개월정도 사용했어요
전자제품 워낙 깔끔하고 깨끗하게 사용하는성격이라 처음 상태 그대로라고 보시면됩니다.

전면 글래스 필름, 측면, 후면 필름, 카메라필름까지 모두 깔끔하게 부착 되어있어요~ 따로 필름구매하셔서 부착할필요없이바로 사용하시면됩니다.
저반사필름도 새것1장있어서 추가로 드릴께요!

구성품 미사용이고, 처음상태그대로 다시 포장해놓았습니다.
사용하던 마그네틱케이스 같이드려요(정품아님) 사진참고바랍니다~!",경남 진주시 가호동,840000,120,"없음, 필름, 새제품, 미사용",기타지역
127,아이패드 프로 4세대 11인치 128기가 wifi 모델 스페이스 그레이,"아이패드 프로 4 세대 풀 박스, 구성품 팝니다
액정 깨끗하고 찍힘자국 없구요

애플케어플러스 가입 했습니다

애플정품 스마트폴리오 커버도 같이 드릴게요",서울 동작구 상도동,800000,107,"없음, 풀박스",서울 동작구
128,아이패드 프로4세대 11인치(2세대) 512gb 셀룰러+wifi 미개봉팝니다!,"아이패드 프로4세대 11인치(2세대) 512gb 셀룰러+wifi 미개봉팝니다!

아이패드 프로 4세대 11인치(2세대) 미개봉
wifi+셀룰러
512gb
25% 요금할인 가능단말기

직거래 : 서초동

미개봉 제품이구요 사진보시다시피 뜯는부분이 약간뜯어졋어요 참고해주시구!
미개봉제품이라 거래는 직거래 로 가능하구 개봉은 입금주신후 가능합니다^^. 다른말씀하시는분들은 무시할께요~~!! 연락주세요",서울 서초구 서초동,1400000,145,"없음, 미개봉, 셀룰러, 512",서울 서초구
129,아이패드 프로4세대 11인치 스그 wifi,"아이패드 프로4세대 11인치 스그 s급 팝니다.
애플 펜슬2세대와 사진에는 없지만
펜슬 케이스도 드립니다.
펜촉 한번도 안쓴 4개입, 슈피겐 프로아머 케이스
강화유리필름, 후면필름, 카메라 필름
투명케이스 끼실때 뒤에 붙이는 거치대랑
펜슬 보관 케이스도 드립니다. 그리고
카넥스 키보드, 로지텍 마우스도 같이 드립니다.
풀박스에 필요한 구성품이 다있기때문에
가져가서 바로 쓰시면 됩니다.","인천 미추홀구 도화2,3동",1250000,114,"없음, 최상급, 풀박스",기타지역
130,아이패드 프로 4세대 11인치 풀박스 sss급 급처!!,"구매는 지난주에 했구요. 많이 사용하지 않았습니다
배터리 100프로 싸이클은 25회정도 됩니다
외관기스 없구요 강화 필름.카메라 필름.외관필름까지
다~~ 붙여져 있습니다☺️☺️
2~3만원정도의 자석부착 케이스 드립니다
“원하시면 받침대도 드립니다”
-6월까지 판매 할 생각입니다-",전북 익산시 신흥동,880000,100,없음,기타지역
131,아이패드 프로 4세대 11인치 128기가 wifi 풀박스 팝니다,"완전 풀박스에 2021년 3월 제조한 새제품입니다.

케이스 끼고 사용하였고, 떨어뜨린적 한번도 없어서 기스난 곳이 한군데도 없습니다.

애플펜슬은 없고 아이패드만 팝니다.

색상은 스페이스 그레이 입니다. 원하시면 케이스도 같이 드리겠습니다.

종이질감필름은 부착된 상태입니다.",광주 서구 광천동,800000,115,"없음, 필름, 새제품",기타지역
132,아이패드 11형 2세대 (프로 4세대) 256g 스페이스 그레이 wifi형,"작년 출시 때 사서 동영상 보는 용도로 주로 썼어요 
거의 집에서만 썼고 사자마자 필름 케이스 씌워서 기스나 찍힘 없습니다 
박스는 있고 충전기랑 케이블이 없어서 조금 저렴하게 내놓아요 케이스는 쓰던 거 드릴게요(투명, 커버)
정말로 살 분만 문의 주세요 
거래 파기하시는 분들 많아서 곤란합니다
신중하게 생각해 보시고 요청해 주셨으면 좋겠어요
소중히 쓰다가 내놓습니다!
애플케어x",경남 창원시 마산합포구 평화동,950000,95,"없음, 에플케어x",기타지역
133,아이패드 11형 2세대(프로 4세대) wifi 256g 스페이스 그레이,"작년 출시 때 사서 동영상 보는 용도로 주로 쓰다가 내놓아요 
사자마자 케이스 필름 씌워서 기스나 찍힘은 없습니다
박스는 있는데 충전기랑 케이블 없어서 싸게 내놓습니다 필요하면 같이 드릴게요( 투명, 커버 케이스)
거래 파기하시는 분들이 많아서 곤란해요 정말 살 분들만 문의 주셨으면 합니다 신중하게 고민해 보시고 요청 주세요 
소중하게 쓰다가 내놓습니다!
애플 케어 x",경남 창원시 의창구 사림동,950000,95,"없음, 에플케어x",기타지역
134,아이패드 프로 4세대 11인치 wifi 128g 민트급 판매,집에서 만 사용했고 중고거래 염두해두고 아껴써서 기스나 찍힘 흔적은 일체 없어서 사진은 한장만 찍었습니다. 애초에 확인할게 없어서 상처난대가 없어서요. 사용빈도가 많이 줄어서 잘쓰시는 분께 팔려고 아주 싸게 내놓았습니다. 언능 사가세요 ~,경기도 파주시 야당동,720000,100,없음,기타지역
135,아이패드 프로 4세대 11안차 스그128gb wifi 판매합니다,"안녕하세요. 
아이패드 프로 4세대 11인치모델 판매합니다.

케이스 끼워서 집에 방치만 해두어서 상태 깨끗합니다 ㅎㅎ

본체 충전기 모두 있고 esr 케이스 미개봉품도 드립니다.


- 애플펜슬2세대도 8만원에 판매합니다. 아이패드와 일괄, 별도 구매 다 가능합니다. 

아이패드 75만원
애플펜슬 8만원

거래 하실분들 연락주세요 ㅎㅎ",경기도 화성시 반송동,750000,110,"없음, 미개봉",기타지역
136,아이패드 프로 4세대 11인치 스그 128gb 셀룰러,"• 구매일자 : 2020.12
• 애플케어 플러스 등록 후 미사용 (~2023.01.28)
• 구매 후 바로 케이스 및 종이필름 부착하여 
   기스, 찍힘은 일절 없음 
• 집순이라 밖에 들고나가는 일은 거의 없었어요 
• 회사 다니다보니까, 사용하는 일이 잘 없더라구요..",울산 남구 달동,1100000,120,"없음, 필름, 애플케이플러스, 미사용",기타지역
137,아이패드 프로 4세대 11인치 256 wifi(미개봉입니다),"아직 포장도 뜯지도 않은 새 제품입니다.
경품으로 받았는데 저는 필요 없어서 판매를 합니다.
4세대 11인치인데 뒷면에는 2세대라고 되어 있습니다.
인터넷에 찾아보시면 4세대 11인치인데 2세대라는 말은 아이패드 프로 11인치 두번째 모델이라는 뜻이라는군요. 왜 이렇게 헷갈리게 해 놓았는지..ㅠㅠ
직거래를 원합니다..^^",부산 부산진구 부암제1동,950000,110,"없음, 새제품",기타지역
138,아이패드 프로 4세대 11형 256gb wifi 팝니다.,"아이패드 프로 4세대 11형 256gb wifi 모델 팝니다.
색상은 스페이스 그레이이고, 애플케어는 안되어
있습니다.
작년 4월에 구매했고, 주로 넷플릭스 등 영상 시청용으로 사용했습니다.
액정보호필름과 북커버 케이스에 장착해 사용해서
상태는 아주 양호합니다.
구성은 아이패드 본체 및 박스 구성 일체와
북커버 케이스로 되어 있습니다.
가격은 78만원이고, 동탄예당마을롯데캐슬 직거래 희망합니다.",경기도 화성시 동탄1동,780000,105,"없음, 256, 에플케어x",기타지역
139,민트급 아이패드 프로 4세대 11인치 1테라,"구입가격 1,749,000
색상 스페이스 그레이
용량 1테라

21년 3월 중동 일렉트로마트 애플샵에서 구매했구요. 
맥미니, 맥북, 아이폰,이랑 함께 구매했는데 패드가 사용빈도가 너무 떨어져서 판매합니다. 
기스 없는 상태 최상이며 
정품 케이스 90,000
펜슬 2세대 120,000
일괄 네고 없이 1,650,000
판매 합니다 

상태와 사용횟수에 비해 싸다고 자부합니다
사용횟수 10회 미만입니다",부산 해운대구 중제2동,1440000,137,"없음, 최상급, 1tb",기타지역
140,아이패드 프로4 11인치 128gb wifi모델 판매합니다.,"아이패드 프로4세대 11인치 128g 판매합니다.
작년 6월에 구매했고, 취직하면서 사용하지 않았습니다.
6월까지 보증기간 남아있습니다.

840,000원 (펜슬제외)
아이패드 프로4세대 + 스마트폴리오 케이스 정품

960,000원 (펜슬포함)
아이패드 프로4세대 + 스마트폴리오 케이스 정품 + 애플펜슬 2세대

풀박스 구성이고, 아무 이상 없는 sss급입니다.


연락주세요",경기도 수원시 장안구 조원2동,840000,112,"없음, 최상급, 리퍼기간",기타지역
141,아이패드 프로 4세대 11인치 128g 실버 + 애케플,"아이패드 프로 4세대 11인치 128g wifi 실버 풀박
애플케어플러스 적용
(보증기간 ~2022년 10월 22일)

전면 종이질감 필름, 후면 무광필름 부착

스코코 올레포빅 필름 1매 & 부착하고 남은 후면 무광필름 1매 & 사진 속 실리콘케이스 같이 드림

종이질감 필름이라 플립케이스 여닫을때+지문 묻어 뿌연 편임

실사용시간이 짧아 상태 매우 좋습니다

* 애플펜슬 없습니다

직거래 정릉교회/정릉역 앞
토요일 길음역3번출구/성신여대입구역1번출구 가능

택배거래쿨거래+파손면책 동의+택배비부담
(gs25 편의점택배)

변심환불불가

당근챗주세요.",서울 성북구 정릉동,880000,105,"없음, 필름",서울 성북구
142,아이패드 프로4세대 128g wifi 11인치,"1년정도 되었고 약간의 찍힘과 기스는 있으나 기능상의 문제는 하나도 없습니다!  자세히 안보면 잘 보잊 않는 정도입니다
풀박스입니다~!

+ 원하시는 부분 있으면 사진 더 찍어드립니다",충남 천안시 서북구 불당동,700000,107,"없음, 풀박스",기타지역
143,아이패드 프로 4세대 11인치 256g wifi 스페이스그레이 (애케플 o),"applecare+ 가입되어 있습니다 (유효 기간 2022. 6. 23.) 이번에 5세대로 갈아타서 판매합니다.

계속 케이스랑 필름 써와서 본체+액정 깨끗해요. 사용하시다가 기스 심하게 나시거나 고장나시면 내년 6월까지 리퍼 2회 가능합니다.

애플펜슬 미포함이고 충전기, 박스 같이 드려요. 충전기는 보시다시피 기스 많지만 잘 작동합니다.
힐링쉴드 종이질감 필름 붙여있는 채로 드립니다.",서울 서초구 우면동,800000,120,"없음, 필름, 리퍼기간, 애플케이플러스",서울 서초구
144,아이패드 프로 4세대 11인치 실버 셀룰러 256기가 판매합니다,"아이패드 프로 4세대 11인치 
셀룰러 256기가 배터리 수명 100프로
 집에서만 사용하였고 많이 사용하지 못해서 
판매하게 되었습니다 상태는 아주 좋습니다 
작년 5월에 구매해서 보증기간은 끝났습니다 
구성품은 충전기 케이블 투명케이스 일반스마트케이스 전면필름 두장 같이 드립니다 
기스나 하자없이 상태 좋습니다",서울 중구 신당제5동,950000,120,"없음, 셀룰러, 256, 에플케어x",서울 중구
145,미개봉)아이패드프로 4 11형2세대 256g wifi,"신논현 직거래 
그외택배가능",서울 서초구 서초4동,900000,100,없음,서울 서초구
146,아이패드 프로4세대 11 128gb 와이파이(with 애케플0),"아이패드 프로 2세대 11 125gb 와이파이 모델 팔아요
애플케이플러 22년9월까지 가능하고 한번도안써서 전부 사용하실수있어요
리퍼 받으셔도 되구 휨없고 사자마자 필름붙이고 케이스도잘끼고 사용해서 그냥 사용하셔도 돼요
플라스틱 케이스도 같이 드립니다",서울 서초구 반포본동,850000,110,"없음, 애플케이플러스",서울 서초구
147,아이패드 프로4세대 11 128gb 와이파이(with 애케플0),"아이패드 프로2세대11인치 128기가팔아요
애플케어플러스 22년9월까지 가능하고 한번도안써서 전부 사용할수있어요~ 
리퍼 받아도 되구 물건자체도 휨없구 사자마자 필름붙이고 케이스잘끼구 써서그냥 사용하셔두 괜찮아요
플라스틱 심플한 케이스같이 드릴게요",경기도 부천시 중동,850000,110,"없음, 애플케이플러스",기타지역
148,아이패드프로4  11인치256셀룰러+추금 으로 아이폰12프로맥스교신,"셀룰러모델,배터리성능100%.애케플보험 가입되있음.
뒷판 거의 티안나는 자그마한 미세눌림있어요.
박스있지만 충전기는 없고 케이스 두개 있어요.
추금또는 펜슬 드리고 아이폰12프로맥스로 교신해봅니다.",제주 제주시 화북일동,950000,130,"없음, 리퍼기간, 애플케이플러스, 셀룰러",기타지역
149,아이패드프로4세대 11인치 256,"가격다운

아이패드프로4세대 11인치 256기가.

12.9는 너무 크고 불편해서 저는 개인적으로 

미니5사이즈를 좋아해 사용하고있으며 영상볼때

작아서 구입했습니다 사용감 극히적고 

액정종이질감필름부착 뒷면옆면기스방지필름.       

스마트정품키보드에도 내부필름 작업해놨습니다 

주로 쓰던노트북,미니5사용하여 기스찍힘

전혀없습니다

맥북에어2020상태s급도 판매중입니다

미니5를 셀룰러 를 사용하고있어

프로는 와이파이로 사면서 대신용량을업글하여

구매했습니다 

새것과다름없을정도로 깨끗하고 사용빈도도

극히적습니다",경기도 평택시 포승읍,1050000,147,"없음, 필름, 최상급, 새제품, 셀룰러, 256",기타지역
150,(가격 내림)아이패드 프로4세대 11형 256기가 ss급 판매합니다!,"아이패드 프로 4세대 256기가 와이파이
스페이스 그레이 색상 배터리 효율 100퍼센트 ss급 판매합니다. 

투명 케이스와, 수납 홀더 케이스, 필름
박스 전부 드립니다. (애플펜슬 제외)

작년말에 구매하여 인강용으로 쓰다가
2월달에 노트북 구매하고 안쓰게 되어
판매합니다! 애지중지 사용하여 생활기스
하나도 없고 필름도 붙혀놓은 상태라 깨끗하며
떼서 쓰시면 거의 새거라고 봐도 무방합니다! 
초기화 해둬서 초기설정 하시고 
바로 사용하심 돼용

오시기 힘드시다면 가능한 선에서 제가
가드리겠습니다🙂",인천 남동구 간석1동,900000,127,"없음, 최상급, 새제품, 256",기타지역
151,아이패드 프로 4세대 11인치  와이파이 128,"아이패드 프로 4세대 11인치 와이파이 128 
보증기한 2021.10.4 일 
박스 ,케이블,충전기 , 강화 유리 보호필름 부착됨,
케이스,k380 무선키보드 포함 전부 다 전달합니다",전남 목포시 연산동,680000,105,"없음, 필름",기타지역
152,"아이패드 프로4 11인치 (256gb 셀룰러, 애플케어)","애플케어 2022년 7월 21일 까지 입니다.
사자마자 케이스 + 액정필름 장착하고 한 번도 안뺐습니다 ^_^ 

연락주세요.",경북 포항시 북구 장성동,900000,100,없음,기타지역
153,아이패드 프로4 11인치 256 셀룰러 애플케어,"애플케어 22년 7월까지 입니다 :-) 

사자마자 액정필름이랑 케이스 끼워 사용했습니다.",울산 북구 명촌동,900000,100,없음,기타지역
154,아이패드프로 4세대 11인치 wifi 256gb 스그,"아이패드 프로 4세대 11인치 wifi 256gb
스그색입니다

앞,뒤,옆 보호필름 부착되어있습니다
찍힘, 기스 전혀x
집에서만 간단한 필기, 영상시청용으로 가끔 사용

배터리 사이클은 20회, 효율은 98% 입니다
풀박스(충전기,비닐 o)

한성대입구역에서 직거래 희망합니다",서울 성북구 돈암동,780000,115,"없음, 필름, 256",서울 성북구
155,아이패드 프로 4세대  11인치 512기가 셀룰러 팔아요,"2020.12.26 구매
아이패드 pro 4세대 11인치형 512기가 lte 셀룰러
카메라보호유리 사서 바로 붙혔어요. 
케이스도 드려요.",인천 남동구 간석동,1252000,135,"없음, 셀룰러, 512",기타지역
156,"배터리 100% ipad 프로 4, 11인치 판매합니다! (128기가/셀룰러/스페이스그레이)","아이패드 프로 4세대 11인치 판매합니다!
색상 : 스페이스 그레이
용량 : 128기가바이트
기기 : 와이파이 + 셀룰러
상태 : 가장자리 쪽에 작은 흠집 하나 (사진첨부)
애플케어 여부 : x
배터리 효율 : 100%
가격 : 95만원
+ 💫 애플펜슬 2세대까지 하시면 100만원에 드립니다 :)
+ 💫 구성품 : 애플펜슬 2세대 (사진첨부)
                   풀박스 (구매당시 구성품)
                   펜슬케이스
                   펜슬 촉
                   esr케이스 (안쪽 얼룩있음, 필요시 드릴게요!)
                   후면 필름 (부착되어있음, 구매당시부터 부착)",서울 강남구 압구정동,950000,115,"없음, 필름, 셀룰러, 에플케어x",서울 강남구
157,아이패드프로4세대 11인치 와이파이 삽니다,아이패드 프로 4세대 구해봅니다~,충남 아산시 음봉면,700000,100,없음,기타지역
158,아이패드 프로 4세대 11인치 스그,"아이패드 프로 4세대 11인치 128g 스그 

​
구성품 미사용이고요

상태 좋습니다. 

다만 하단에만 살짝 기스가 있네요(사진참조)

액정 기스 무

​

보증기간 10월 11일까지 넉넉하게 남았습니다",인천 서구 불로동,730000,110,"없음, 리퍼기간, 미사용",기타지역
159,아이패드 pro4 11인치 셀룰러 256기가 풀구성 팝니다,"256기가 셀룰러
애플펜슬2
매직키보드
애플케어
풀박스 구성입니다.

상태 s급이며 키보드 + 본체 애플케어 적용 되어있고 보증기간 23년 까지 짱짱하게 남아있어서 혹시라도 맘에 안드시면 교체받아 사용하시면 됩니다.
개별로 따로 판매하지 않습니다.",서울 관악구 청룡동,1300000,144,"없음, 최상급, 리퍼기간, 풀박스, 셀룰러, 256",서울 관악구
160,아이패드 프로 4세대 11 128g팝니다!,"wifi 입니다

2개월 전 구매했고 받자마자 필름,케이스 사용해서

기스 없고 깨끗합니다!

박스 구성품 풀셋팅으로 그대로 드리구요

구매시 케이안 케이스랑 종이필름 여분 한장 
얹어드립니다~

직거래 선호합니다",서울 동작구 노량진제1동,750000,100,없음,서울 동작구
161,아이패드 프로4세대 11인치 128g 셀룰러 스그 모델판매(애케플 가입) 풀박스,"-제품명: 아이패드 프로4세대 11인치 셀룰러 판매(애케플 가입)
-구매: 20년 5월 중순
-색상: 스페이스 그레이
-용량: 128g
-애케플: 가입(22년 7월 5일 만료)
-외관: 오른쪽위 미세한 벗겨짐 있음, 필름부착(힐링쉴드 제품)
- 많이 안써서 배터리 상태도 양호합니다.
- 애케플 1년 이상 남았으니 끝나기 전에 새거로 바꿔서 사용하셔도 됩니다.",서울 성북구 돈암제1동,870000,115,"없음, 필름, 새제품, 셀룰러, 파손, 에플케어x",서울 성북구
162,"아이패드 프로4 
11인치 256gb 와이파이+셀롤러 풀박스구성","아이패드 프로4 
11인치 256gb 와이파이+셀롤러 풀박스입니다

구매직후 바로
전면 종이질감필름
측면 후면 무광필름 부착완료

사용감도 없고 생활기스도 없음

충전기 비닐도 안벗긴상태 입니다
필요하시면 케이스같이드립니다!
꼭 필요하신분만 쳇주세요🙂
찔러보기 교환 환불x",경남 김해시 장유3동,1000000,122,"없음, 필름, 풀박스, 256",기타지역
163,아이패드 프로4 11인치 128gb wifi+애케플,"풀박+케이스 판매(펜슬제외)
액정기스x 본체기스x
실내사용과 카페에서만 사용했습니다
라이노케이스와 esr케이스 사용감있지만 필요하면 드릴게요
애케플 여태 한번도사용x 내년 5월까지입니다",경남 창원시 의창구 도계동,880000,90,"없음, 생활흔적, 에플케어x",기타지역
164,신제품급 아이패드 프로 4세대 11인치 128 와이파이 스페이스그레이🖤,"🖤 작년 11월 23일 구입 (보증기간 1년)
🤍 아이패드 프로 11인치 128기가 와이파이형 스페이스그레이
🖤 신제품급 상태
🤍 펜슬 미포함

작년 11월 23일 구입 후 충전을 2-3번 할만큼 사용을 안했어요 (다이어리용으로 사용) 프로가 좋긴하지만 다이어리용외에 사용하지 않는 저에겐 사치인것같아 팔고 저는 아이패드로 재구입할 예정입니다! 집에서만 밤에 다이어리 끄적이는용이라 기스일체 없어요! 사진에 보이는 구성품으로 다 드려요! 케이스도 인기많은 제품인 라이노 연핑크 23,900원짜리 제품이고 이 역시 밖에 나가서 사용하지 않아 때탐없어서 색상만 마음에 드시다면 사용하면 좋을거같아요 그럼 좋은 거래 기다릴게요🙇🏻‍♀️

🐻 직거래 주안역인근",인천 서구 원창동,750000,114,"없음, 풀박스, 풀박스",기타지역
165,아이패드 프로4세대 (신형2세대) 베테리 효율 100% 11인치 128g (풀박스)  / 고급종이필름 미사용 증정,"아이패드 프로4  신형2세대 11인치 128g
거의 사용 안했습니다. 하자 없고 
케이스 풀박스 드립니다.
상태 극상 
고급 에어4 종이필름 프로 11인치 와 호환되어 
종이필름  쌔거도 같이 드립니다.

판매 85  >>82 가격 다운",서울 은평구 응암동,820000,112,"없음, 풀박스, 미사용",서울 은평구
166,아이패드 프로 4세대 11인치 스페이스 그레이 128gb wifi 팝니다.+애플케어플러스,"애플케어 플러스 들어놔서 22년 7월 19일까지 보증 됩니다.

집에서만 사용해서 상태 좋습니다. 편안하게 사용하시다가 애케플로 리퍼받으시면 됩니다.

구성품은 
미사용 미개봉 esr 폴리오 케이스3개
1회 실착 esr 스마트 커버 케이스
젤리케이스 2개(1개는 사용)
풀박스 구성에  충전기 미사용 입니다.
힐링쉴드 강화유리 부착되어있습니다.

연락주세요~",경기도 부천시 괴안동,800000,135,"없음, 필름, 리퍼기간, 미개봉, 애플케이플러스, 미사용",기타지역
167,아이패드 프로 4세대 11인치 wifi 128g 애케플  판매,"아이패드 프로4세대 11인치
- 배터리효율 100%
- 애케플 22.10.09
- 스크래치 및 파손 ❌
- 구성품 풀박스
- 케이스 포함",인천 부평구 부개1동,880000,100,없음,기타지역
168,아이패드 프로4 11 인치 256기가,"셀룰러 제품입니다.
(와이파이 아니에요)

256기가구요 색상은 스페이스 그레이입니다

작년 12월 구매제품입니다

액정이랑 뒷면에 생활기스가 좀 있습니다
(사진상으로는 잘 나오지가 않아서 직접 뵙고 마음에 안드시면 구매안하셔도 됩니다)

펜슬까지 같이 드립니다.

박스랑 충전기는 분실해서 기기단품 판매입니다~

기능하자 1도 없구요, 학생분들 쓰시기에도 최고입니다.

생활기스가 좀 있어서 같은 스펙대비해서 저렴하게 올립니다

애플케어 없습니다ㅜ",제주 제주시 이도2동,800000,113,"없음, 셀룰러, 256, 기스, 생활흔적",기타지역
169,아이패드 프로 4세대 11인치 wifi 128g 스그,"2020년 12월 28일 구매 2021년 12월 28일까지 보증기간 

보통 영상 시청 , 온라인 클래스 보는 용으로 사용했습니다.

케이안 케이스 하고 종이 질감 필름 한장 추가로 드립니다 

뒷면에 살짝 눌림 카메라 틀에 조금의 찍힘 있습니다

썩히기 아까워 판매글 올립니다.",서울 강서구 등촌제3동,770000,93,"없음, 기스",서울 강서구
170,아이패드 프로 4세대 11형 wi-fi 128gb,"아이패드 프로 4세대 11형 wi-fi 128gb 입니다
모델명 명칭 : a2228/ipad
케이스에 넣어 사용하였기에 흠없고 상태양호 합니다
구입 원하시면 톡주세요",광주 서구 화정동,800000,100,없음,기타지역
171,아이패드 프로4세대 11인치(미개봉새상품),"패드는 스페이스그레이 256g wifi 모델 미개봉이고 


꽉막힌사람은 아니니 편하게 연락주세요 
장난은 사절입니다 ㅎㅎㅎ",대구 북구 복현2동,880000,120,"없음, 미개봉, 256",기타지역
172,아이패드 프로4 11인치 128g 스페이스그레이,"아이패드 프로 4세대 11인치 모델 128g wifi 입니다
올해 1월 20일에 공홈에서 구매한 제품입니다.
애플케어 신청해서 23.02.12까지 보증됩니다.
최근에 리퍼받은 제품이라 사용감 없습니다.

배터리 사이클도 9회 효율은 당연히 100%입니다.
케이스는 애플 정품 폴리오 케이스입니다.

프로는 액정필름 붙이면 화질 감소가 심하다고해서 안끼고 사용했습니다.

평일 저녁 또는 주말에 고속터미널역 근처에서 거래 희망합니다.",서울 서초구 잠원동,800000,105,"없음, 리퍼기간",서울 서초구
173,아이패드 프로4 11인치 256gb 스그 악세서리,"아이패드 프로4 11인치 256gb wifi 모델 스페이스그레이색상
구성품:
-아이패드 프로4  256gb
-패드 앞뒤 가리는 실리콘케이스 (펜슬홀더?가리개? 도 자석이라 달라붙어서 가려줌) 스탠드도 됌
-애플펜슬 2 +실리콘 애플펜슬 케이스(씌워져 있음)
-고릴라 강화유리 필름
-박스
-충전기 (새거, 사용안함)


스케쥴 정리 및 낙서 용으로 샀지만.. 종이 달력에 더 많이 쓰고 있어서 팝니다. 컴 패드 캘린더 다 들고 다니니까 무겁...
물품 사기도 전부터 악세서리 먼저 사고 패드와 펜슬 둘 다 케이스를 벗은 적이 없습니다.
강화유리도 바로 씌웟구요 이거를 파우치에 넣고 가방에 넣고 다녀 매우 깨끗합니다. 파우치는 안드림 

명원초등학교 앞에서 거래
중고품이라 환불 불가합니다
쿨거래시 네고 조금 가능",부산 강서구 명지동,1300000,125,"없음, 새제품, 256, 미사용",기타지역
174,아이패드 프로 4세대 11인치 애케플 128g wifi 판매합니다,"128기가 아이패드 4세대 판매합니다.
배터리 효율 100%(사진5첨부)
형이 지인한테 선물받아서 쓰다가 제가 받았는데 쓸일이 없어 판매합니다. 

초s급 상태 자부합니다 !
스크래치 일절없습니다

거래는 하중동에서 직거래 하겠습니다.

구성품 : 아이패드 / 충전기 / esr케이스 / 풀박스 드려요",경기도 시흥시 하중동,880000,107,"없음, 최상급",기타지역
177,아이패드프로 4세대 11인치 스그 256 셀룰러 (애케플가입)제품 판매 합니다.,"아이패드프로 4세대 11인치 스그 256 셀룰러 (애케플가입)제품 판매 합니다.

두달전쯤 새제품으로 리퍼받은 제품입니다.(애케플 미사용 리퍼)

케이스사용으로 제품 기스 없이 깨끗합니다.
액정 강화유리 부착, 카메라 부분도 강화유리 붙여놨습니다.

애케플 가입된 제품으로 22.07.03일까지 리퍼기간 남았습니다.(총 4회 리퍼가능)

박스풀박입니다.",전북 전주시 완산구 효자동2가,1050000,157,"없음, 필름, 리퍼기간, 새제품, 풀박스, 셀룰러, 256, 미사용",기타지역
178,아이패드 프로 4세대 wifi 11인치 스페이스그레이,"21년 5월 25일 기준 데이터상 배터리 효율 93퍼 애플고객센터 유선상 배터리 효율 96퍼 확인했습니다.
신곡동에서 거래 희망합니다
정품 풀박스에요 빠른 거래 희망합니다",경기도 의정부시 신곡1동,700000,100,없음,기타지역
179,아이패드 프로 4세대 11인치 (2세대) 256g스그 와이파이+셀룰러 애플케어+(22년 12월)까지 팝니다,"초 a급 힐링싈드 애플케어 먹인 아이패드 프로 팝니다 1,000,000
직거래시 그자리에서 애플케어 명의양도

공일공 이구삼구 공공팔육",광주 동구 학동,1000000,107,"없음, 최상급",기타지역
180,아이패드 프로 4 11 256 셀룰러 스그 리퍼미사용 (애케플),"아이패드 4세대 11인치 256 스그 리퍼 미사용 (애케플) 팝니다~!!!!

- 애플케어플러스: 2022.07.01 

- 셀룰러 버전

- 상태: 리퍼 후 미사용. 센터에서 이상 없는지 전원 키고 테스트한 것이 전부입니다.

- 구성품: 풀박스 + esr 커버 케이스

- 가격: 89만원

- 직거래 위치: 광교역 (경기대 부근)

관심있으시면 안심번호로 문자주세요~!!",경기도 수원시 영통구 이의동,890000,130,"없음, 셀룰러, 256, 미사용",기타지역
181,아이패드 프로4세대 11 스그 128기가 셀룰러 애케플~22.12.31,애플케어플러스 2022년 12월31일 까지여서 애케플 기간 빵빵해서 쓰시다가 오만원 내고 리퍼 받으시면 됩니다 셀룰러 모델이라서 와이파이 없이 사용 가능합니다 구매하시면 슈피겐 케이스까지 같이 드리고 화면 하단에 스크래치 하나 있어서 감안한 가격입니다 충전기도 있고 풀박스 입니다,경기도 부천시 상동,900000,154,"없음, 리퍼기간, 리퍼기간, 풀박스, 풀박스, 셀룰러, 셀룰러",기타지역
182,아이패드 프로 4세대 11인치 셀룰러 128기가 팜,"로지텍 폴리오 터치 키보드 포함 가격입니다
작년 9월 구매, 유튜브만 보기엔 아까워서 팜니다
전면 지문 방지, 후면 필름, 카메라 보호 붙여 놨고 케이스 씌워 사용해서 기스없습니다
박스포함 구성품 전부 있습니다",경남 사천시 사천읍,1000000,112,"없음, 필름, 풀박스",기타지역
183,아이패드프로4세대 11형(2세대)128g와이파이 미개봉,"미개봉 세제품입니다.^^
아이패드프로4세대 11형(2세대)128g와이파이
최저가입니다ㅎㅎ
미개봉이라설명할게없네용ㅎㅎ
색상은 실버구여",광주 동구 충장로1가,850000,110,"없음, 미개봉",기타지역
184,아이패드프로 4세대(11인치 와이파이 256기가) 팔아요,"아이패드 11형 256기가 20년6월에  구입했습니다 
애플케어 가입 되있습니다~ (22년6월 만료)
애플펜슬2세대도 같이 드립니다.
집에서만 영상 잠시 보는용으로 산거라 사용감은 거의 없어요 새제품이나 마찬가지에요ㅠㅠ 
직거래 원해요",경남 양산시 물금읍,900000,130,"없음, 새제품, 애플케이플러스, 256",기타지역
185,아이패드 프로4세대 11 스그 128기가 셀룰러 애케플~22.12.31,애플케어플러스 2022년 12월31일 까지여서 애케플 기간 빵빵해서 쓰시다가 오만원 내고 리퍼 받으시면 됩니다 셀룰러 모델이라서 와이파이 없이 사용 가능합니다 구매하시면 슈피겐 케이스까지 같이 드리고 화면 하단에 스크래치 하나 있어서 감안한 가격입니다 충전기도 있고 풀박스 입니다,인천 서구 가정동,900000,154,"없음, 리퍼기간, 리퍼기간, 풀박스, 풀박스, 셀룰러, 셀룰러",기타지역
186,아이패드프로 4세대 11인치 wifi 256g 스페이스그레이 +애플케어,"2020년 7월에 구매 했습니다. 
항상 케이스 사용했습니다. 
업글하려고 판매합니다.
펜슬은 포함 아닙니다;;
케이스는 포함입니다. :)

화곡역부근 직거래만 합니다. 
제 가게로 오시면 카드로 결제도 됩니다 :)",서울 강서구 화곡제1동,900000,100,없음,서울 강서구
187,[애플케어+] 아이패드 프로4세대 11인치 1테라 1tb,"스페이스 그레이
wifi 1테라 제품입니다
애플케어플러스 2023.03까지입니다
[매년 2회씩 5만원내고 리퍼 받으실수 있으며 
악세서리도 3만원에 리퍼 받으실수 있습니다]

박스 있구요 충전기는 애플정품 12w 입니다",전남 여수시 관문동,1250000,135,"없음, 리퍼기간, 1tb",기타지역
188,아이패드 프로4세대 11인치 128g wifi (애케플 o),"아이패드 프로4세대 11인치 128g wifi 애케플 내년 11월까지이고 풀박스입니다.
구매 후 바로 전,후,측면 필름,케이스 장착하여 기스 전혀 없어용
배터리 효율 100프로 이상이고, 구매 후 잘 사용하지 않아 판매합니다.
전자제품 특성상 환불은 불가합니다.
구매하실분 연락주세요.",경남 창원시 의창구 팔용동,900000,107,"없음, 풀박스",기타지역
189,아이패드프로4세대 11인치 wifi 128기가 s급 올해2월구매,"올해 2월 구매입니다.
영상만보다 고스팩이라 내놓습니다.
as기간 내년 2월까지 아직 넉넉합니다.
패드 필름 부착된상태고
원하시면 케이스도 드릴께요:-) 박스풀셋입니다.
감사합니다.
기스 없습니다.",서울 마포구 연남동,800000,105,"없음, 필름",서울 마포구
190,아이패드 프로4 11형(2세대) 셀룰러,"구매- 2020년5월
색상- 스페이스 그레이
용량- 128gb
기종- 아이패드 프로4 11형(2세대) wifi+셀룰러

안녕하세요 
새상품으로 구입한 아이패드 입니다. 상태는 최상이고 풀 박스 입니다. 배터리 효율도 100%입니다(사진참고). 해지는 사신다면 바로 해 드립니다. 필름 케이스 사용 했구요.직거래 선호

거치대 / 대만제 펜 :
거치대 깨끗합니다. 대만제 펜도 몇 번 사용하지 않아 새 것과 다름 없습니다. 선물로 드립니다.

궁금한 점 문의 주세요",대구 동구 불로.봉무동,890000,139,"없음, 최상급, 새제품, 풀박스, 셀룰러",기타지역
191,아이패드프로 4세대 11인치 (wifi/128gb/스그/애플케어),"사용을 잘 안해서 판매합니다! 
풀박스 구성품 다 있고, 전면 종이질감 필름이랑 케이스 끼고 사용했습니다.

직거래는 창동역 2번 출구입니다. 
쪽지로 많은 문의 부탁드립니다.

-. 제품 : 아이패드프로 4세대 11인치
-. 색상 : 스페이스 그레이
-. 모델 : 와이파이, 128gb
-. 기타 : 애플케어 가입 (~22.09)
 -. 쿠팡에서 구입한 케이스",서울 도봉구 창동,870000,107,"없음, 풀박스",서울 도봉구
192,아이패드 프로 4세대 11인치 128기가 와이파이 스그 풀박,"⚠️꼭 끝까지 읽고 채팅 주세요!
아이패드 프로 11인치 2세대 128g wifi 스페이스그레이 판매합니다.
20년 10월 말에 샀으며
저반사지문방지필름, 뒷면, 카메라도 필름붙여놓았습니다. 충전기 사용한적없습니다. 
케이스 달라고 말하심 드려요.
모서리부분에 1mm도 안되는 작은 기스랑 찍힘 있습니다.(8,9번째 사진참고)
꼭 사실 분만 챗주세요.

+찔러보지 마세요 찔러보심 차단해요
+갑작스런 거파도 차단합니다
+뒷면에 필름입니다 기스아니에요
+에케플 가입 안되어있습니다
+애풀팬술 포함 아닙니다
+적어논 것들 질문하면 차단합니다. 

거래는 토요일 4시 이후에 가능해요~",광주 북구 동림동,730000,98,"없음, 필름, 미사용, 기스, 에플케어x",기타지역
193,아이패드 프로4세대 11인치 사용5시간 미만 새제품급,"아이패드 프로4세대 11인치 128 와이파이 제품이며 
정품 스마트 폴리오 케이스있습니다

구매는 2달 되었으며 사고 나서 5시간도 안써서 판매합니다
안쓴만큼 상태는 말할거도 없고 충전기 케이블 미사용 풀박스입니다

거래시 기스 발견 하시면 만원씩 네고 해드립니다
상태 매우 좋습니다

애케플 없습니다


 
삼계입니다",경남 창원시 마산회원구 내서읍,850000,112,"없음, 풀박스, 미사용",기타지역
194,아이패드 프로 4세대 11인치 256gb wifi + cellular 팝니다,"아끼던 친구 판매합니다 흠짓 기스 하나도 없어요 
ㅠㅠ",충남 천안시 서북구 두정동,850000,100,없음,기타지역
195,아이패드 프로4세대 11인치 wifi 128gb+정품 스마트폴리오 화이트색상,"작년에 구입하고 집에서만 사용해서 기스, 하자 전혀 없고 강화유리필름, 후면 보호필름 부착해놓은 상태입니다! 
정품 스마트폴리오 화이트색상 포함 가격입니다
채팅주세요!",인천 남동구 만수3동,890000,105,"없음, 필름",기타지역
196,아이패드 프로4세대 11인치256기가 미개봉 팝니다,"아이패드 프로4세대, 11인치2세대입니다
미개봉 스페이스그레이 256기가 와이파이입니다

미개봉 제품 입니다",경기도 시흥시 정왕동,950000,120,"없음, 미개봉, 256",기타지역
197,아이패드 프로4세대 11인치 128gb wifi,"2021.04제품
애케플미가입(가입가능)
종이질감필름(여유분 1장남음)
기본케이스
실사용 거의안함
구성품 풀박스
새상품과같음
네고x",부산 사상구 학장동,800000,120,"없음, 새제품, 애플케이플러스",기타지역
198,아이패드 프로4 256기가 11인치 와이파이 실버 및 정품 악세사리 팝니다.,"아이패드 프로 4 256기가 11인치 와이파이 실버 팝니다. 
풀박이며 애플케어 플러스 적용되어있습니다. 
 
애플 펜슬 2 풀박 
스마트 키보드 케이스 풀박
정품 폴리오 케이스 

모두 상태 매우 좋습니다. 
사진 추가로 원하시면 연락주세요",경기도 수원시 팔달구 인계동,1300000,120,"없음, 애플케이플러스, 256",기타지역
199,아이패드 프로4 11인치 256기가 셀롤러 스그 팝니다,"배터리 100퍼
애케플 적용되어있고 보증기간은 22.5.30까지 입니다
구성품은 파우치 + 애플 정품 스마트폴리오 + 아이패드이며 박스풀 입니다


전면에는 애케플을 들어 필름을 따로 붙이지 않아 기스가 있는편입니다.
마음놓고 사용하시다가 리퍼 받으시면 되겠습니다.

평촌 직거래합니다",경기도 안양시 동안구 관양동,900000,110,"없음, 애플케이플러스",기타지역
200,신형 아이패드 프로 4세대 11인치셀룰러 126기가 s급 판매,"올해 2월달에 산거고 
기스 하나도없습니다. 

집에서 넷플릭스보던정도고요 
아이패드 필름은 붙여져있는데 떼셔두되고요 
케이스도 드립니다. 

박스는 그대로잇고 
충전기는 삼성껄로 쓰고있어요 이것도 드립니다",서울 마포구 합정동,900000,105,"없음, 필름",서울 마포구
201,아이패드프로4세대 11인치 wifi 256g,"한 두달전쯤에
스피킹맥스를 신청하면서

받은 아이패드인데

몇번 만지작거리다가 
손이 안가게되어

팝니다~!

128인중 알앗는데 256이네용

상태는 새거와같습니다",경기도 파주시 운정3동,900000,120,"없음, 새제품, 256",기타지역
202,애플 아이패드 프로 4세대 11인치 (2020형) 128gb 실버 판매합니다,"1. 2021/03 제조품이며 2021/04/26에 활성화한 제품입니다. 애케플 가입 안되어 있으며 60일 이전이기에 가입 가능합니다.

2. 3번째 사진 하단에 살짝 찍힘이 있습니다. 카메라로는
잘 담기지 않네요...(이쑤시개 크기정도 됩니다)

3. 박스는 사진에 없지만, 풀박스이며 충전기 충전선 모두 사용하지 않았습니다.

4. 쿨거래시 알아서 어느정도 네고해드릴 생각있으니 먼저 터무니없는 네고는 사양해주세요.

5. 애플펜슬 2세대 (4월말 구입) 추가시 +13. 개별 판매x",경기도 김포시 풍무동,780000,98,"없음, 애플케이플러스, 기스, 에플케어x",기타지역
203,아이패드 프로 4세대 11형 128 스그 wifi,"• 품명 - 아이패드 프로 4세대 11형 wifi

• 색상 - 스페이스 그레이

• 용량 - 128gb

• 구입기간 - 2021.04.04

• 상태 - s 

• 가격 - 870,000

• 특징 - 지난 4월 4일에 구매 후 약 한달 정도 유튜브 

및 웹서핑 용으로 사용 후 저에게 오버스펙이기도 하고 

사용 빈도가 적어서 판매합니다. 퇴근 후 잠들기 전 

가끔씩 사용했기 때문에 거의 새상품에 준하는 상태라고 

생각됩니다. 필름이 씌워진 상태이고, 케이스 장착 후 

사용했습니다.",경남 양산시 물금읍,870000,110,"없음, 새제품",기타지역
204,아이패드 프로 4세대 11인치 128기가 애케플 포함,"아이패드 프로 4세대 11인치 wifi 128기가 
애케플포함 (22.08.02 만료) 판매합니다.

- 풀박(구성품 다 있음)
- 상태 s급 기스 없음 !!
- 구입 직후 보호필름+케이스 
- 집에서만 사용하고 가끔 카페에서 사용
-  하루 2시간도 사용하지 않음

애케플 가격 16만4천원이라 애케플 없는 것 보다 같이 있는거 구입하시는 거 추천드려요 !
풀박 그대로 판매하구요, 가로수길에서 직접 구입했던거라 그 때 받은 종이봉투에 담아서 거래합니다 

90만원에 판매해요

거래는 평일 저녁 이후, 주말은 협의하고 거래 가능합니다!!",경기도 화성시 동탄1동,900000,114,"없음, 최상급, 풀박스",기타지역
205,아이패드 프로4 11 wifi 128gb 팔아요,"아이패드 프로4 11 wifi 128gb 실버 팔아요

케이스 씌우고 집 안에서도 몇 번 사용하지 않아 실기스 하나 없는 상태입니다

배터리 효율 99%
사이클 97회
보증 만료일 21년 7월 28일입니다

낙성대역 거래 원해요",서울 관악구 봉천동,800000,100,없음,서울 관악구
206,아이패드 프로4세대 11인치 128기가,"사용한지 2개월정도 됬는데 5세대로 바꾸고 싶어서 팝니다. 집에서만 사용해서 기스 찍힘 전혀 없고
케이스랑 같이 충전기랑 같이 팝니다. 
빠른거래 원해요",광주 광산구 신창동,720000,100,없음,기타지역
207,아이패드프로4세대 11인치 256 셀룰러와이파이,"4세대 256 셀룰러모델이구요
찍힘찾기힘들고
박스풀셋입니다
애플케어가입은되어있으나
5만원내고 교환받을시에 
제가직접가야하니 연락미리주시고 시간정했을시에는 문제없이 동행해드릴수있습니다",광주 광산구 흑석동,1000000,125,"없음, 셀룰러, 256",기타지역
208,아이패드 프로 4세대 11형 미개봉 128g 팝니다,"아이패드 프로 4세대 11형 미개봉 128g 실버 미개봉 새제품입니다
선물받고 쓸까 고민하다 팔아요ㅠ
미개봉확실하니 걱정마시고 연락도 자주오니 빨리 사가세용~~",인천 미추홀구 주안8동,850000,120,"없음, 미개봉, 새제품",기타지역
209,아이패드프로4세대(11’)128gb wifi (애케플),"작년에 애플공홈에서 구매하여 사용하다가 필요없어 처분합니다. 필름붙여져있습니다.애케플220623, 쓰다가 애케플 이용하셔서 새걸로 바꿔 쓰세요
풀박입니다.직거래선호합니다. 혜화동로터리",서울 종로구 혜화동,870000,112,"없음, 필름, 풀박스",서울 종로구
210,아이패드 프로 4세대 11인치 256기가 와이파이 스그 미개봉 팝니다,"직거래 : 노량진역5출
택배거래시 택배비 별도

톡 주세요",서울 동작구 노량진동,900000,100,없음,서울 동작구
211,아이패드 프로 4세대 11 256gb,"구매는 작년에 했고 거의 1년 안되게 썼음.
사실상 별로 사용도 안해서 완전깨끗함.
거의사용도 안해서 real 새것 수준.
보증기간있음.
박스그대로 보관하고 있음 풀박(설명서+ 충전기)
뽀너스로 케이스도 드림

256gb 스페이스 그레이
 연락주세요~!",광주 북구 일곡동,980000,125,"없음, 리퍼기간, 새제품, 256",기타지역
212,미개봉새상품⭕️ 아이패드 프로 4세대 11인치 (2세대) wifi 128g 스페이스 그레이,"미개봉새상품입니다 비닐도 그대로 포장상태좋아요 
최신 2021 3월에 제조한 제품
선물주기에도 좋을것같아요 
⭕️
아이패드 프로 4세대 11인치 (2세대) 128g
색상 스페이스 그레이 입니다",서울 성북구 하월곡동,895000,120,"없음, 미개봉, 새제품",서울 성북구
213,"아이패드 프로4세대(11형) 128g ""셀롤러"" 팝니다","프로4세대 ""셀롤러"" 팝니다~
사진상 2세대라고 써있어어 질문들하시는데
11형2세대가 프로4세대입니다~

급처하려고 4세대 와이파이 금액에 정리합니다.

나름 최저가라 생각하니 사지도 않을분들
금액 흥정부터 하려고들 말아주세요",충남 천안시 서북구 쌍용2동,880000,100,없음,기타지역
214,"아이패드 프로 4세대 11인치 (2세대) wifi 128g
색상 스페이스 그레이","미개봉새상품입니다 비닐도 그대로 포장상태좋아요 
최신 2021 3월에 제조한 제품
선물주기에도 좋을것같아요 
⭕️
아이패드 프로 4세대 11인치 (2세대) 128g wifi
색상 스페이스 그레이 입니다",서울 용산구 한강로2가,895000,120,"없음, 미개봉, 새제품",서울 용산구
215,아이패드 프로 4세대 11인치 셀룰러 스그 128gb 팔아요,"거의 새거라고 보시면 되구요
사놓고 거의 안써서 그냥 넘깁니다.
보증 기간 10월 13일까지 남았구요
사진에 있는 패드 파우치 필요하시면 같이 드립니다.
유심 패드내에 장착 되어있고 일련번호도 같이 드리겠습니다.",경기도 군포시 군포1동,920000,115,"없음, 리퍼기간, 새제품",기타지역
216,"아이패드프로 4세대 11인치(128gb, wifi)","구매일 4/14
상태 a++, 풀박스, 기스 전혀없음
스코코 저반사 필름 부착상태. 

사용용도가 바뀌어 내놓습니다. 
네고 안 받습니다.",경기도 시흥시 정왕본동,760000,105,"없음, 필름",기타지역
217,(5월 구매) 아이패드 프로 4세대 11인치 셀룰러,"올해 5월 4일에 구매했습니다!
프로 4세대 11인치 128기가 셀룰러입니다.
(색상은 스그입니다)

원하신다면 에케플도 양도해드립니다 (10만원 추가)

배터리 효율 100프로네요
무조건 직거래 합니다!
내일까지 안팔리면 그냥 쓸 예정입니다",서울 관악구 대학동,850000,115,"없음, 셀룰러",서울 관악구
218,아이패드 프로 4세대 11인치 128g 풀박/ 애케플 (o)/ 배터리효율 100%,"아이패드 프로 4세대 128g 스페이스 그레이 와이파이 모델로, 20년 5월에 구입한 제품입니다! 충전기 포함 풀박스에요!
필름 부착하고, 항상 케이스 끼워서 사용했기 때문에 하자는 전혀 없으며, 3utools 통해 확인해본 결과 배터리 효율 100%인 것 확인했습니다:)
필름은 랩씨 종이질감필름(28000원 상당) 부착되어있습니다.
추가로 애플케어 플러스 가입 되어있으며 22년 5월 5일까지입니다!
애케플 한 번도 사용하지 않았기 때문에 중고제품 꺼리시는 분들은 애케플 이용하셔서 리퍼 새제품 사용하셔도 좋을 것 같네요!
제품 특성상 직거래 선호하며, 직거래는 남양주시 별내동 근처였으면 합니다:) 타지역 택배거래 가능하나, 환불 절대 불가한 점 알아주셨음 하네요ㅠ
​
네고 불가능하며, 그 이외의 문의는 편하게 연락부탁드립니다!",경기도 남양주시 별내동,900000,115,"없음, 필름, 새제품",기타지역
219,아이패드 프로 4세대 11인치 256g 셀룰러,"4세대 11인치 256g 셀룰러 모델입니다
박스 충전기 다 있어요.
애플케어 보증기한 남아있습니다",서울 중구 청구동,930000,140,"없음, 리퍼기간, 애플케이플러스, 셀룰러, 256",서울 중구
220,ipad pro4(11인치/256g/lte+wifi),"●글을 먼저 읽고 연락주세요
●아래 내용 문의 시 차단합니다
- 네고, 가격 조정 요청(안팔리면 낮춥니다)
- 팔렸나는 문의(판매중입니다)
- 이것 저것 묻고 생각해보겠다는 경우
 (연락 후 고민하지 말고,구매 결정 후 연락주세요)
● 노원 상계동 직거래 또는 착불택배
●중고거래 특성상 반품,환불 불가
●구성품
- 아이패드프로 4세대 (보증기한 ~2021.8.31)
    (11인치/256g/wifi+ cellular/스그)
- 박스(충전기 없음)
●상태 및 특징
- wifi는 물론 유심으로 lte사용 가능
- 2020.4.12제조, 2020.8.31구매
- 배터리 99% 사이클150
- 좌측하단 살짝 자국있으나 티 잘 안나고 이상없음",서울 서초구 잠원동,800000,125,"없음, 셀룰러, 256",서울 서초구
221,아이패드프로 4세대 11인치 미개봉,미개봉퓸 판매합니다 연락주세요,경기도 안양시 동안구 관양1동,830000,110,"없음, 미개봉",기타지역
222,아이패드프로4세대  512g11인치 셀룰러팔아요,"애플펜슬이랑  무선키보드도 같이드려요
셀룰러 lg유플러스입니다 상태 s급입니다",경기도 안산시 단원구 선부1동,1300000,122,"없음, 최상급, 셀룰러",기타지역
223,아이패드 프로 4세대 11인치 128기가,"작년 12월구매했고 거의 새상품입니다.

많은 연락주세요

아이패드 프로 4세대 11인치 128기가 와이파이
작년 12월 공홈에서 샀음
풀박 (충전기,박스)
애플펜슬포함",광주 서구 쌍촌동,820000,110,"없음, 새제품",기타지역
224,아이패드 프로 4세대 11인치 256 wifi + 셀룰러 applecare+,"11인치 셀룰러 자급제 모델입니다

작년에 구입했고, 종이질감 강화유리, 케이스 착용하고 사용했습니다

워낙 조심스러운 성격이라 찍힘 전혀 없습니다

applecare+ 가입되어 있어서 2022년 6월 27일까지 본인 과실로 파손시 5만원에 새제품으로 교환받으실 수 있습니다


[ +25만원 하시면 매직키보드 (1일사용) 함께 드립니다 ]
[ +13만원 하시면 애플펜슬 (applecare+ 등록됨) 함께 드립니다 ]",대구 북구 복현동,941000,135,"없음, 새제품, 애플케이플러스, 셀룰러",기타지역
225,아이패드 프로4세대 11인치 256gb wifi 판매합니다.,"배터리 효율 100퍼입니디. 거의 사용하지 않아 판매합니다.
액정강화필름 붙여놓았고, 기기 상태 깨끗합니다.",대구 중구 남산2동,800000,105,"없음, 필름",기타지역
226,아이패드 프로 4세대 11인치 wifi 실버 128gb,"아이패드프로 4세대 11인치 128기가 실버색상 판매합니다

20년 10월에 구매 후 출장 갔을 때만 사용했었네요

배터리 성능상태 100% 입니다(3utools 확인)

2월 맥북 구매 후 패드는 전혀 사용 안하고있습니다

총 사용기간 1달도 안될겁니다. 항상 케이스 끼고 다녔었구요

상태 아주 좋구요. 2만원대 라이노 케이스까지 무료로 드려요.

추가로 사진 필요하시면 말씀해주세요 보내드립니다

중고 특성상 환불 안됩니다",전북 전주시 덕진구 송천동2가,830000,105,"없음, 미사용",기타지역
227,아이패드프로 4세대 11형 스그 팝니다,"아이패드프로4세대 11형 wifi 스페이스그레이 애플케어플러스

구성품 : 아이패드프로 4세대 풀박스, 충전기(미사용)
구매일 : 2021년 4월 27일
애플케어 플러스 : 2023년 4월 26일까지

박스, 구성품 모두 있습니다. 구성품은 미사용입니다.
한달정도 사용했고 사자마자 필름이랑 케이스 착용해서 흠 하나 없습니다.
구매하고 영상만 몇번 보고 거의 사용하지않아 판매합니다.",부산 남구 대연제1동,950000,112,"없음, 풀박스, 미사용",기타지역
228,아이패드 프로 4세대 11인치,"아이패드 프로 4세대 11인치 128g 팜니다
정품케이스 포함입니다.
애플케어플러스 있구요 사용을 많이안해서 기스같은거는 하나도 없습니다 
직거래만합니다",경기도 고양시 일산동구 장항동,980000,100,없음,기타지역
229,아이패드 프로 4세대 11인치 스페이스그레이 셀룰러모델,"아이패드 프로 4세대 셀룰러 모델입니다!
색상은 스페이스그레이 용량은 256gb이고
20년도 5월 30일에 구매했는데 
맥북이 있다보니까 사용을 별로 안해서 팔아요 ㅠ
박스있고 충전기는 없어요!",경기도 광명시 철산1동,900000,125,"없음, 셀룰러, 256",기타지역
230,아이패드프로4세대 11형 128g wifi 실버 s급 팝니다.,"아이패드프로4세대 11형 128g wifi 실버 s급 팝니다.

보증기간: 2021년 11월 2일
배터리 성능 100%
외관 s급
풀박스 구성품 (구성품 미사용)

구매 후 사용을 거의 안했습니다.
전후면 및 측면에 필름 부착되어 있고
측면 필름 한쪽 약간 더러워진 것 빼고는
외관 기스나 찍힘없이 깨끗합니다.
올해 11월 2일까지 보증기간 남았습니다.
스코코 여분 필름도 하나 드립니다.
풀박스 구성이며 구성품 모두 미사용입니다.
네고는 죄송합니다.

직거래는 5호선 개화산역에서 가능합니다.
택배거래는 4500원 더주시면 우체국택배로 보내드립니다.",서울 강서구 방화제2동,700000,122,"없음, 필름, 최상급, 리퍼기간, 미사용",서울 강서구
231,아이패드 프로 4세대 11 풀박 새거아님,"다섯번도 사용안함
필름 케이스 씌워져있음
완전 새거같은 중고 풀박",경남 진주시 가호동,900000,115,"없음, 새제품, 미사용",기타지역
232,아이패드 프로4세대 11인치 128gb wifi 판매합니다,"아이패드 프로4 11인치 128gb wifi 스페이스그레이 판매합니다.
​
2020년 9월 생산 및 구매 제품이고, 애플케어플러스는 없습니다.
​
사진에서 확인할 수 있듯이, 표면 기스, 흠집 등등 전혀없구
​
올레포빅 필름이 전면, 카메라 후면에 부착되어있습니다.
​
구매 시 상기의 아이패드 케이스와 쿠션감있는 파우치, 여분의 강화유리 필름 같이드립니다.
​
왕십리, 신답역 부근에서 직거래 선호하며, 택배 거래 시 택배비 4000원 추가됩니다.

확인 후 연락 부탁드립니다.",서울 성동구 사근동,750000,105,"없음, 필름",서울 성동구
233,아이패드 프로 4 11형 wifi 128g 스페이스그레이,"완충횟수19번  박스포함 풀셋 작년 2020년9월에 샀어요 리아노 케이스 포함 종이질감필름부착 
깨끗해요 잔기스 하나없는데 저한텐 작은감이잇어팔아요 
펜슬 미포함이요 ~
고객센터 원격으로 베터리효율 확인결과 100프로 나왔고 상태좋다고 마음놓고 넘겨도 됀다는 답변 들었네요 ㅎ",광주 동구 계림동,800000,105,"없음, 필름",기타지역
234,애플 아이패드 프로 4세대(2세대) 11인치 128g,"구매한지 5개월정도 됐고
유튜브만 보는 용도로 써서ㅠㅠ 판매합니다.
앱 몇개 깐적도 없고 배경화면까지 바꾼 적이 없을 정도구 집밖에 가지고 나간적도 없어요.
구매하자마자 케이스끼우고 액정, 카메라까지 모두 강화유리로 붙였어요.
보시면 알겠지만 기스도 거의 없습니다.
박스랑 충전기 모두 있고 사용했지만 깨끗합니당
구매하시는 분께 케이스(투명, 연핑크커버) 2개랑
강화유리필름 새거 같이 드립니다~! 
직거래는 합정 홍대 연희동 명지대쪽 가능하구
가능한 직거래 선호하지만
택배도 가능합니다~~~",서울 마포구 서교동,820000,110,"없음, 새제품",서울 마포구
235,아이패드 프로 4세대 11인치 128g wifi,"올해 3월 16일에 산 한달된 아이패드 프로 4세대 128g wifi 모델입니다
사고나서 밖에 들고나간적없고 집에서 유투브 시청만 몇번 해서 기스나 흠집하나도 없는 거의 새제품이지만 태블릿보다 노트북이 필요하여 내놓게됐습니다.

박스 쇼핑백 충전기 다 있으니 문의주세요",서울 동대문구 회기동,750000,110,"없음, 새제품",서울 동대문구
236,아이패드 프로4세대 11형  실버 128gb wifi 최상급  판매 및 프로4세대 12.9 추금 드리고 교신 합니다,상태  최강 입니다 집에서만 사용 잠깐식  추금협의요  배터리 100% 입니다 프로4세대 12.9 추금  드리고 교신 합니다,대전 중구 용두동,850000,100,없음,기타지역
237,아이패드프로 4세대 11인치 128g 셀룰러 팝니다~,"작년 9월에 주문했었는데 크게 사용하지 않아서 팔려고 합니다.(skt)
의무사용 기간 끝나고 정상해지 했어요
깨끗하게 사용해서 기스는 생활기스 빼구 없습니다~

박스 o 케이스 o 필름 o 충전기 x 펜 x 네고 x",서울 금천구 시흥동,900000,105,"없음, 필름",서울 금천구
238,아이패드 프로 4세대 11인치 128기가 와이파이,"2020-10월 제조이며 사용일수 일주일도 안되는새겁니다 집에서 동영상 시청하려고 샀다 잘안쓰게되서 판매합니다. 
네고 / 교환은 받지않고 쿨거래 하실분만 연락주세요.",부산 부산진구 범천제1동,950000,100,없음,기타지역
239,아이패드프로4세대 11인치 256 셀룰러 팜,"상태 a급. 노기스입니다
풀박스
256 셀룰러 입니다
거래지역은 양곡입니다. 거래 하실분만 연락주세요.",경기도 김포시 양촌읍,750000,132,"없음, 최상급, 셀룰러, 256",기타지역
240,아이패드 프로4세대 11인치 128g 셀룰러 판매합니다.,"3u tools 돌려본결과
배터리 100이며 상태 100나오네요.
잘 사용안했으며 앞 저반사 후 보호필름 붙어있습니다.
리퍼는 8월 11일까지입니다.",대전 유성구 반석동,920000,120,"없음, 필름, 필름, 미사용, 미사용",기타지역
241,아이패드 프로4세대 11인치 128g 셀룰러 판매합니다.,"3u tools 돌려본결과
배터리 100이며 상태 100나오네요.
잘 사용안했으며 앞 저반사 후 보호필름 붙어있습니다.
리퍼는 8월 11일까지입니다.",대전 중구 오류동,920000,120,"없음, 필름, 필름, 미사용, 미사용",기타지역
242,아이패드 프로 4세대 11인치 wifi 128gb,"아이패드 프로 4세대 스페이스 그레이 색상입니다. 
제품외관 상태 양호하고 생활기스 전혀 없이 깨끗이 사용하였습니다. 
연락주시면 더 자세한 사진 보내드릴께요

아이패드++풀박+충전기 기본 구성품 전부 입습니다~
보증기간 2022년도 4월 2일까지입니다. 
종이필름 2주전에 새로 부착했는데 기포 조금 있게 부착하였으니 편하신대로 사용하세요:)

신갈역 직거래합니다",경기도 용인시 기흥구 신갈동,800000,112,"없음, 필름, 풀박스",기타지역
